,symbol,open,close,high,low,volume,relative_strength,relative_strength_sp500,rank
0,SRRA,54.8499984741,54.8800010681,54.9199981689,54.7999992371,117100,1.5341077329,1.4851855561,1.00
1,RCMT,25.1100006104,24.7199993134,25.2800006866,23.3099994659,187500,2.2857997925,2.2129064103,1.00
2,CEIX,52.9099998474,52.9099998474,54.2400016785,51.2200012207,542700,1.4481893032,1.4489223477,1.00
3,PVL,5.4000000954,5.6799998283,5.6900000572,5.4000000954,477100,1.5862694140,1.5870723519,1.00
4,CRK,19.7900009155,20.0599994659,20.4699993134,19.4500007629,2188000,1.5643908817,1.5651827452,1.00
5,AR,45.0900001526,45.0800018311,45.9599990845,43.6500015259,6667807,1.4856532808,1.4864052888,1.00
6,BORR,6.1500000954,6.1100001335,6.4200000763,5.8800001144,945900,1.5535919105,1.5543783077,1.00
7,HPK,34.8699989319,35.7599983215,36.5169982910,33.7500000000,355300,1.5433477034,1.4941308672,1.00
8,BPT,24.1399993896,24.8299999237,25.8299999237,23.5100002289,679000,2.0086444688,2.0096612045,1.00
9,HPKEW,24.8799991608,23.0799999237,24.8799991608,23.0799999237,900,2.0323950397,1.9675826493,1.00
10,HDSN,9.6300001144,9.7200002670,9.8199996948,9.3199996948,1030300,1.5171081745,1.4687281080,1.00
11,AMR,164.1399993896,159.9499969482,168.5399932861,156.7100067139,767188,1.7817980126,1.7826999232,1.00
12,BTU,25.5400009155,26.0799999237,27.1569995880,25.1499996185,4255600,1.5672849241,1.5680782524,1.00
13,SJT,13.2600002289,13.4499998093,14.0100002289,12.9700002670,1251300,1.4906897514,1.4914443088,1.00
14,STNG,35.0200004578,37.0299987793,37.3499984741,35.0200004578,1323100,1.4432587515,1.4439893003,1.00
15,MIC,3.7999999523,3.8099999428,3.8199999332,3.7799999714,1930300,3.7585589154,3.7604614229,1.00
16,PBT,22.1200008392,21.3400001526,23.0799999237,20.7399997711,535000,1.5873047964,1.5881082584,1.00
17,SD,26.0000000000,26.8700008392,27.3799991608,25.6000003815,906500,1.5511935875,1.5519787707,1.00
18,SWN,9.1899995804,9.1000003815,9.3400001526,8.8800001144,37449600,1.2841614025,1.2848114193,0.99
19,SOGU,54.4199981689,56.1599998474,56.1599998474,53.2200012207,32700,1.3641842485,1.3206808742,0.99
20,SMHI,8.6599998474,8.5399999619,8.9399995804,8.5000000000,48900,1.3049196854,1.3055802097,0.99
21,SM,51.0000000000,50.5600013733,52.3899993896,49.2799987793,1388200,1.2895746135,1.2902273704,0.99
22,SGML,16.0000000000,17.0300006866,17.0599994659,15.6199998856,294000,1.4864360300,1.4390340878,0.99
23,BLU,8.0100002289,8.1000003815,8.1599998474,7.7699999809,598800,1.3234900966,1.2812844450,0.99
24,SBR,85.4700012207,83.3199996948,86.7900009155,81.0400009155,121700,1.3208718582,1.3215404571,0.99
25,VRTV,145.8999938965,143.2400054932,147.7299957275,142.9700012207,80400,1.2764959686,1.2771421054,0.99
26,SBOW,44.7500000000,45.6399993896,46.1100006104,43.5999984741,258300,1.3384703392,1.3391478462,0.99
27,RRC,34.5999984741,34.4399986267,35.3800010681,33.5000000000,3669200,1.2829868408,1.2836362632,0.99
28,ROCC,49.7400016785,49.6800003052,51.0400009155,47.5999984741,817000,1.3128175515,1.2709522438,0.99
29,VLO,142.0000000000,140.5099945068,143.3200073242,138.3899993896,4770800,1.3025062618,1.3025062618,0.99
30,RENN,29.3899993896,28.9799995422,29.3899993896,28.6200008392,102400,1.3909547391,1.3916588126,0.99
31,VHI,50.0000000000,47.3800010681,50.0000000000,45.7999992371,57900,1.3768455726,1.3775425044,0.99
32,CHKEL,69.3499984741,70.6299972534,71.1399993896,67.6800003052,51600,1.4360274806,1.3902330500,0.99
33,CHKEW,77.5400009155,79.0999984741,79.5999984741,76.4199981689,12700,1.3839166302,1.3397839969,0.99
34,CHKEZ,72.9100036621,74.6100006104,74.8600006104,72.3899993896,5500,1.4149103166,1.3697893052,0.99
35,AMPY,8.7399997711,9.1099996567,9.2399997711,8.6199998856,901599,1.3773858047,1.3780830099,0.99
36,PRPH,11.3000001907,11.0100002289,11.5399999619,10.6499996185,110700,1.4400725782,1.3941491508,0.99
37,PDS,80.8099975586,80.0899963379,81.8000030518,77.5999984741,70900,1.3002495342,1.3009076946,0.99
38,WTI,8.4600000381,8.4600000381,8.7799997330,8.2200002670,4517500,1.3560175575,1.3567039465,0.99
39,APTS,24.8799991608,24.9200000763,24.9300003052,24.8799991608,820841,1.2707331965,1.2713764163,0.99
40,PBF,41.3400001526,40.3300018311,41.5900001526,39.4099998474,3695800,1.4412977680,1.4420273241,0.99
41,CPG,10.2700004578,10.2700004578,10.4899997711,9.9899997711,16331800,1.3303147483,1.3309881270,0.99
42,OXY,64.8199996948,63.8699989319,66.1200027466,62.9000015259,27407900,1.2702181649,1.2708611240,0.99
43,NRT,19.1900005341,18.6499996185,19.1900005341,17.8299999237,45700,1.3867987338,1.3875007037,0.99
44,NRP,47.2799987793,46.8300018311,47.2799987793,46.3400001526,27600,1.2805044697,1.2811526355,0.99
45,CTIC,5.9099998474,5.9499998093,6.1599998474,5.7399997711,4084000,1.4775995614,1.4304794111,0.99
46,NOG,36.7400016785,37.0200004578,37.4599990845,36.0099983215,1720700,1.2885855672,1.2892378235,0.99
47,ARCH,164.5000000000,170.1199951172,171.5200042725,162.0000000000,632191,1.3359537542,1.3366299873,0.99
48,NEX,11.4200000763,11.0900001526,11.6300001144,10.7200002670,4756500,1.3548338107,1.3555196005,0.99
49,CVE,23.8500003815,23.5300006866,23.9899997711,23.1700000763,7203500,1.3612073663,1.3618963823,0.99
50,NC,51.5000000000,50.4799995422,52.9000015259,48.6199989319,102800,1.3259235131,1.3265946691,0.99
51,CVI,41.4300003052,41.4500007629,42.2900009155,40.5000000000,631300,1.4034477482,1.4041581454,0.99
52,MRO,30.6800003052,30.2900009155,31.3299999237,29.9099998474,16596400,1.2928860299,1.2935404630,0.99
53,METC,16.3500003815,17.3400001526,17.4500007629,16.2000007629,1109100,1.3751221084,1.3312699295,0.99
54,KOS,8.0399999619,8.0000000000,8.1999998093,7.7899999619,7670800,1.3402907743,1.3409692028,0.99
55,LNTH,65.0199966431,63.8499984741,65.2500000000,61.2700004578,1981800,1.3698270003,1.3261436806,0.99
56,ARLP,19.8500003815,19.5499992371,20.1898994446,19.3299999237,485849,1.4028013388,1.3580664786,0.99
57,DINO,57.2400016785,56.3699989319,57.6399993896,56.3300018311,2555400,1.2719694633,1.2726133089,0.99
58,VET,23.6299991608,23.2399997711,24.0000000000,22.6499996185,3136300,1.3457265141,1.3464076940,0.99
59,DMLP,30.5599994659,31.7199993134,31.8899993896,30.5599994659,112800,1.3197468793,1.2776605977,0.99
60,HNRG,5.7399997711,6.5500001907,6.7899999619,5.6300001144,1093400,1.4425531906,1.3965506573,0.99
61,DVN,75.7900009155,74.0599975586,76.2300033569,72.4800033569,14759700,1.3055626336,1.3062234834,0.99
62,EGY,7.8299999237,8.1099996567,8.1800003052,7.7199997902,1344500,1.3593968357,1.3600849353,0.99
63,GLOP,7.0599999428,6.8000001907,7.1999998093,6.6900000572,801300,1.3568386425,1.3575254471,0.99
64,ESTE,20.6499996185,20.8600006104,21.3600006104,19.9400005341,1344900,1.3454293782,1.3461104077,0.99
65,ASC,7.5100002289,7.6199998856,7.7600002289,7.4099998474,402883,1.3555082634,1.3561943946,0.99
66,ERF,17.5200004578,17.6100006104,17.9200000763,17.2199993134,2862200,1.3423558035,1.3430352772,0.99
67,EQT,47.5999984741,47.9599990845,48.6699981689,46.9199981689,4564900,1.4058874705,1.4065991027,0.99
68,VTNR,15.8599996567,16.0499992371,16.3299999237,15.5200004578,3530500,1.4876542070,1.4402134175,0.99
69,TWI,18.2700004578,17.8199996948,18.7000007629,17.6000003815,514600,1.2805662593,1.2812144564,0.99
70,TRMD,13.1499996185,13.4600000381,13.6599998474,13.0900001526,252200,1.3301283313,1.2877109887,0.99
71,TGA,4.7600002289,4.6500000954,4.8499999046,4.5500001907,1002100,1.3395136954,1.2967970567,0.99
72,TDW,25.5799999237,26.5100002289,26.9200000763,25.0900001526,445400,1.2944251486,1.2950803608,0.99
73,TH,6.5700001717,6.5999999046,6.7399997711,6.4400000572,216800,1.2556623903,1.2156197414,0.98
74,HHS,10.5500001907,10.8400001526,10.9099998474,10.4499998093,42600,1.2984475846,1.2570405303,0.98
75,APA,49.1399993896,48.8100013733,49.8199996948,47.7200012207,6435794,1.3102473447,1.2684640000,0.98
76,ASRT,3.0000000000,3.1099998951,3.1500000954,2.9700000286,762773,1.3106184022,1.2688232247,0.98
77,BSM,16.5000000000,16.6800003052,16.9899997711,16.4099998474,657300,1.2370511452,1.2376773158,0.98
78,CC,41.0400009155,40.7099990845,41.5900001526,40.1699981689,1338000,1.2070352045,1.2076461816,0.98
79,CHK,96.7300033569,98.1699981689,98.7300033569,95.0260009766,1416300,1.2448761401,1.2051774610,0.98
80,CIVI,80.3600006104,80.6600036621,81.6900024414,78.1100006104,783800,1.2528817151,1.2535158989,0.98
81,CLR,70.5599975586,70.4899978638,71.9100036621,69.2300033569,1508100,1.2301951168,1.2308178170,0.98
82,CNX,22.9599990845,23.2399997711,23.3899993896,22.6700000763,2056600,1.2073892670,1.2080004233,0.98
83,COP,117.0000000000,116.8300018311,119.6399993896,115.3000030518,7165736,1.2325921716,1.2325921716,0.98
84,CRT,19.6900005341,19.2700004578,20.3700008392,19.0499992371,77500,1.2468436677,1.2474747951,0.98
85,CTRA,34.4500007629,34.3100013733,35.1300010681,33.8800010681,7495513,1.2587901246,1.2587901246,0.98
86,DDS,310.2000122070,302.5899963379,310.2000122070,297.9800109863,170000,1.2058014826,1.2064118352,0.98
87,DK,33.5999984741,33.3899993896,34.0299987793,32.8800010681,1906600,1.2437211456,1.2443506924,0.98
88,EOG,141.8000030518,144.0000000000,145.8000030518,140.7899932861,5527700,1.2172839591,1.2179001240,0.98
89,FANG,155.2100067139,155.4900054932,158.0399932861,152.8899993896,2074600,1.2534480076,1.2134759746,0.98
90,GPOR,103.3899993896,104.3700027466,105.2600021362,101.6100006104,130000,1.2269917217,1.2276128004,0.98
91,HCC,36.0000000000,36.3199996948,36.8549995422,35.4099998474,851200,1.2126732784,1.2132871094,0.98
92,HP,49.8400001526,49.5499992371,50.9700012207,47.9300003052,981200,1.2130389981,1.2136530143,0.98
93,HRB,35.3699989319,35.4500007629,35.7799987793,35.0000000000,1744700,1.2134771694,1.2140914073,0.98
94,JKS,61.0099983215,62.1100006104,63.3499984741,60.2799987793,1031400,1.2160453620,1.2166608999,0.98
95,MGY,28.8700008392,28.7999992371,29.1599998474,28.2600002289,1769000,1.2448926623,1.2455228022,0.98
96,MN,12.5000000000,12.5200004578,12.5500001907,12.5000000000,73100,1.2576967898,1.2583334108,0.98
97,MPC,109.2699966431,108.3399963379,110.8899993896,106.9700012207,7420300,1.2461808523,1.2468116441,0.98
98,MSP,35.0099983215,34.9599990845,35.0699996948,34.8600006104,910200,1.2077487966,1.2083601350,0.98
99,MTDR,65.5000000000,65.2300033569,67.6999969482,63.9300003052,1644000,1.2462510964,1.2468819239,0.98
100,MUR,43.7700004578,44.1500015259,45.2999992371,43.2500000000,1200600,1.2242499556,1.2248696465,0.98
101,MUSA,239.0000000000,237.9600067139,241.0399932861,237.1300048828,267300,1.2392963318,1.2399236389,0.98
102,MVO,12.1499996185,12.3599996567,12.3999996185,12.0100002289,47600,1.2214372676,1.2220555348,0.98
103,OAS,173.0500030518,176.3399963379,178.5700073242,171.5700073242,205200,1.2711171261,1.2305816309,0.98
104,OVV,59.0000000000,59.1399993896,61.1100006104,58.1100006104,2397900,1.2353042869,1.2359295733,0.98
105,PDCE,85.1299972534,84.1299972534,85.7300033569,82.2600021362,1391300,1.2577363659,1.2176275786,0.98
106,PME,1.0000000000,1.0599999428,1.1200000048,1.0000000000,285000,1.3051970515,1.2635747590,0.98
107,PNRG,97.6500015259,97.5000000000,100.2399978638,95.9199981689,7900,1.2678029076,1.2273731017,0.98
108,PTEN,18.2399997711,18.1900005341,18.8099994659,17.6100006104,3480300,1.2937881766,1.2525297093,0.98
109,RELL,14.7500000000,14.7500000000,14.9700002670,14.5500001907,53500,1.2592796716,1.2191216688,0.98
110,RTLR,17.5200004578,17.4500007629,17.7600002289,17.1900005341,350800,1.2582487929,1.2181236645,0.98
111,SQM,94.0500030518,96.0400009155,96.7699966431,91.9100036621,1670000,1.2604966370,1.2611346752,0.98
112,SU,41.2299995422,41.3100013733,41.8199996948,40.6899986267,6527100,1.2386420602,1.2392690361,0.98
113,TALO,23.6499996185,23.6900005341,24.5400009155,23.0300006866,1322000,1.2411419483,1.2417701896,0.98
114,TNK,19.8999996185,20.6599998474,20.7600002289,19.5900001526,259300,1.2264190525,1.2270398413,0.98
115,TRQ,28.5699996948,28.8299999237,29.0499992371,28.4200000763,496400,1.2484107401,1.2490426607,0.98
116,TTI,5.3699998856,5.2199997902,5.4600000381,5.0599999428,1539800,1.2287906586,1.2294126479,0.98
117,VAL,55.5299987793,56.0400009155,58.1899986267,54.5099983215,1128500,1.2516409756,1.2522745313,0.98
118,VOC,8.6400003433,8.3000001907,8.6400003433,8.1999998093,178000,1.2629789128,1.2636182075,0.98
119,WFRD,35.2299995422,34.2299995422,35.2299995422,33.3199996948,473000,1.2649314514,1.2245932153,0.98
120,WLL,97.5999984741,99.2500000000,100.6100006104,96.5299987793,288800,1.2239938384,1.2246133997,0.98
121,PCOM,24.4599990845,24.5900001526,24.7900009155,24.4400005341,232600,1.2397396267,1.2002047493,0.97
122,COMT,45.7200012207,45.6399993896,45.7910003662,45.1199989319,625900,1.2100602716,1.1714718589,0.97
123,INSW,22.9599990845,23.9799995422,24.0499992371,22.7199993134,410700,1.1724423451,1.1730358120,0.97
124,NL,9.1000003815,9.0100002289,9.1000003815,8.8299999237,24100,1.1612879487,1.1618757695,0.97
125,XOM,101.9400024414,100.4599990845,103.3499984741,99.7900009155,30950500,1.1968339994,1.1974398129,0.97
126,WEYS,28.3299999237,30.1100006104,30.3600006104,28.3299999237,47800,1.2034974135,1.1651182880,0.97
127,FTXN,30.4899997711,30.2099990845,30.8600006104,29.7900009155,193300,1.2192055939,1.1803255399,0.97
128,DLNG,3.7999999523,3.8099999428,3.9990000725,3.7200000286,96200,1.1611755055,1.1617632693,0.97
129,KRP,19.2800006866,19.3700008392,19.5699996948,18.8299999237,253700,1.1863300149,1.1869305115,0.97
130,FGBI,26.6599998474,26.5200004578,26.7099990845,26.2099990845,35000,1.2141811361,1.1754613104,0.97
131,ENLC,11.0299997330,10.7500000000,11.1499996185,10.5799999237,2422900,1.1991523241,1.1997593111,0.97
132,EPSN,7.0000000000,6.9899997711,7.0300002098,6.9499998093,216200,1.2222102017,1.1832343318,0.97
133,JMSB,27.3299999237,27.9300003052,28.2250003815,27.3299999237,73500,1.2199335685,1.1810302996,0.97
134,AVD,23.7099990845,23.1399993896,23.7600002289,22.4599990845,782822,1.1619476123,1.1625357670,0.97
135,TECK,42.8199996948,42.2799987793,43.2500000000,41.6399993896,5019600,1.1727879650,1.1733816068,0.97
136,AZPN,194.1499938965,196.0000000000,197.1300048828,192.0899963379,112500,1.2410232254,1.2014474145,0.97
137,HES,125.5599975586,127.7200012207,129.3699951172,124.1500015259,3044800,1.1895624477,1.1901645805,0.97
138,SWX,90.1500015259,91.8899993896,92.5100021362,90.0000000000,216000,1.1668205276,1.1674111489,0.97
139,SWCH,33.5499992371,33.5400009155,33.6399993896,33.5299987793,3096700,1.1896826765,1.1902848701,0.97
140,CYTK,39.1199989319,39.5000000000,40.3199996948,37.9000015259,689500,1.2135075755,1.1748092294,0.97
141,STON,3.4300000668,3.4400000572,3.4800000191,3.4300000668,299300,1.1878046968,1.1884059399,0.97
142,MNRL,32.0699996948,32.1599998474,32.8199996948,31.4699993134,842200,1.1996131922,1.2002204124,0.97
143,MNTK,13.5900001526,13.6300001144,13.8500003815,13.3500003815,301000,1.1995038044,1.1612520338,0.97
144,SOI,13.1599998474,13.8000001907,13.8500003815,12.8800001144,464800,1.1937046028,1.1943088322,0.97
145,BIS,30.8799991608,31.4099998474,31.7900009155,30.8799991608,70500,1.2195405043,1.1806497701,0.97
146,SIMO,91.5500030518,91.0400009155,92.1399993896,90.8600006104,229300,1.2146215333,1.1758876634,0.97
147,CVX,176.3699951172,175.3999938965,178.5700073242,173.6499938965,9529700,1.1670605472,1.1676512900,0.97
148,UFPT,75.0699996948,81.3399963379,81.7699966431,75.0000000000,41200,1.2158607320,1.1770873446,0.97
149,VNOM,34.1800003052,34.3100013733,34.9249992371,33.4199981689,319600,1.2438088462,1.2041442028,0.97
150,PXI,50.3199996948,50.1699981689,51.1699981689,49.1599998474,101600,1.2377517976,1.1982803114,0.97
151,PXD,274.8599853516,270.8699951172,278.3999938965,266.7999877930,2872000,1.1981505283,1.1981505283,0.97
152,PSCE,11.7600002289,11.6499996185,11.9300003052,11.3800001144,881800,1.2009713096,1.1626727407,0.97
153,HAL,40.9500007629,40.4900016785,41.4099998474,39.7400016785,9898100,1.1880421029,1.1886434661,0.97
154,NBR,176.4199981689,173.9499969482,182.4700012207,165.3500061035,210700,1.1868431664,1.1874439227,0.97
155,CVEO,30.5000000000,29.2600002289,30.5000000000,29.1900005341,48200,1.1977631403,1.1983694241,0.97
156,NDP,33.7299995422,33.6800003052,33.9000015259,32.8400001526,15400,1.1869643800,1.1875651976,0.97
157,CNQ,65.7600021362,64.8499984741,66.0800018311,64.0699996948,2570600,1.1890873169,1.1896892092,0.97
158,PDBC,20.5599994659,20.4799995422,20.5900001526,20.2900009155,7015200,1.2122659078,1.1736071580,0.97
159,PAG,118.8300018311,115.5199966431,121.1100006104,114.3899993896,379600,1.1477709913,1.1483519700,0.96
160,KRO,19.1499996185,18.7500000000,19.1499996185,18.5000000000,222900,1.1376372372,1.1382130864,0.96
161,LPG,16.4699993134,16.8600006104,17.0000000000,16.3199996948,631600,1.1401538829,1.1407310060,0.96
162,MAYS,40.5999984741,41.5000000000,41.5000000000,40.5999984741,700,1.1756503254,1.1381592341,0.96
163,USOI,5.8449997902,5.8499999046,5.8499999046,5.7899999619,2292600,1.1935018645,1.1554414937,0.96
164,NSEC,16.3199996948,16.3199996948,16.3199996948,16.3199996948,100,1.1962175334,1.1580705608,0.96
165,NTUS,32.7000007629,32.7099990845,32.9000015259,32.6199989319,190800,1.1809738340,1.1433129779,0.96
166,OLN,62.6399993896,61.0099983215,62.6399993896,60.8499984741,2008400,1.1471559111,1.1477365785,0.96
167,PEO,23.9300003052,23.5900001526,24.0400009155,23.2900009155,109400,1.1537871972,1.1543712213,0.96
168,PRT,10.1499996185,10.1199998856,10.4099998474,10.0299997330,51400,1.1477800555,1.1483610388,0.96
169,PSX,106.9100036621,106.3099975586,107.7699966431,104.8399963379,3015000,1.1549182880,1.1549182880,0.96
170,CDEV,9.2600002289,9.2500000000,9.5399999619,9.0749998093,7845100,1.1861426103,1.1483169236,0.96
171,BKEP,4.5599999428,4.5599999428,4.5599999428,4.5500001907,55100,1.1786832742,1.1410954633,0.96
172,SHEL,57.9399986267,57.9799995422,58.2400016785,57.4700012207,6220172,1.1394309877,1.1400563739,0.96
173,BGR,13.4899997711,13.3199996948,13.4899997711,13.1000003815,182188,1.1461695723,1.1467497405,0.96
174,SSL,26.2000007629,25.8799991608,26.2600002289,25.6800003052,247100,1.1503883384,1.1509706421,0.96
175,VST,25.7700004578,25.4400005341,25.8799991608,25.4300003052,3853500,1.1414868412,1.1420646391,0.96
176,SWIR,22.6499996185,22.9500007629,23.1299991608,22.1900005341,425200,1.1850136584,1.1472239736,0.96
177,BANF,91.4100036621,90.5599975586,93.6500015259,89.9499969482,159100,1.1772283463,1.1396869325,0.96
178,ACC,64.7200012207,64.7699966431,64.9150009155,64.6600036621,1378755,1.1394799419,1.1400567239,0.96
179,AZO,2066.1699218750,2064.4599609375,2084.7900390625,2050.7114257813,110554,1.1469149832,1.1474955286,0.96
180,TMST,22.2700004578,22.3999996185,22.9939994812,22.1399993896,527200,1.1570648149,1.1576504980,0.96
181,TPL,1661.8699951172,1712.9200439453,1735.8399658203,1659.2399902344,31700,1.1393720252,1.1399487525,0.96
182,EXLS,145.0200042725,145.1199951172,146.4299926758,143.9900054932,164900,1.1772716466,1.1397288520,0.96
183,GO,36.9099998474,38.6500015259,38.9049987793,36.9020004272,968100,1.1793926322,1.1417822000,0.96
184,DKL,53.8300018311,53.5800018311,53.8300018311,52.1899986267,64000,1.1586248607,1.1592113335,0.96
185,SPLP,41.9799995422,42.2299995422,43.0000000000,41.9799995422,3200,1.1336469664,1.1342207959,0.95
186,TTP,30.6900005341,30.7199993134,31.2900009155,30.0699996948,19200,1.1157501627,1.1163149332,0.95
187,UNM,34.8899993896,35.1500015259,35.6199989319,34.6899986267,2306300,1.1304597448,1.1310319609,0.95
188,KDNY,17.3099994659,17.2500000000,17.8099994659,16.9300003052,405500,1.1550799156,1.1182448077,0.95
189,FLR,28.9099998474,27.9500007629,29.3400001526,27.7500000000,1700100,1.1164493327,1.1170144571,0.95
190,WES,28.0000000000,27.3999996185,28.2000007629,26.6499996185,1426000,1.1139025084,1.1144663436,0.95
191,LTHM,27.2500000000,27.0300006866,28.2099990845,27.0100002289,2374300,1.1243139961,1.1248831014,0.95
192,CRC,47.7200012207,47.0400009155,48.5779991150,46.3600006104,565100,1.1258097855,1.1263796479,0.95
193,SLB,47.1699981689,47.2099990845,47.8800010681,46.5200004578,11294000,1.1324971350,1.1324971350,0.95
194,CSL,259.3200073242,256.8699951172,260.4599914551,256.2500000000,242500,1.1275385310,1.1281092684,0.95
195,PBA,40.6500015259,40.3600006104,40.9000015259,39.9500007629,1024600,1.1178867628,1.1184526147,0.95
196,VIVO,27.1000003815,27.3899993896,27.9300003052,26.7800006866,277300,1.1577355381,1.1208157434,0.95
197,NE,34.4599990845,34.3499984741,35.3199996948,33.5299987793,755100,1.1285479585,1.1291192070,0.95
198,PSB,187.2899932861,187.2899932861,187.6600036621,187.1399993896,284100,1.1141081763,1.1146721156,0.95
199,SENEB,60.2099990845,60.5499992371,60.5499992371,60.2099990845,800,1.1566889021,1.1198024843,0.95
200,USAC,19.4799995422,19.7500000000,19.8400001526,19.2500000000,142400,1.1242656912,1.1248347720,0.95
201,KNSL,221.6399993896,223.2599945068,225.6399993896,221.2400054932,67300,1.1146692998,1.1152335232,0.95
202,NFG,72.4400024414,72.6500015259,73.5199966431,72.1999969482,335800,1.1187223410,1.1192886159,0.95
203,AMAL,20.6900005341,20.4699993134,21.0100002289,20.3400001526,37396,1.1603423568,1.1233394315,0.95
204,CPE,61.9300003052,59.9300003052,63.3699989319,58.2700004578,1909700,1.1154139403,1.1159785406,0.95
205,CYXT,13.7100000381,13.5000000000,14.0900001526,13.3500003815,259700,1.1583755063,1.1214353032,0.95
206,SMM,8.7100000381,8.6099996567,8.7100000381,8.5000000000,53300,1.1291297818,1.1297013247,0.95
207,SQQQ,53.9700012207,56.5200004578,56.6800003052,53.3600006104,138626700,1.1702851911,1.1329651922,0.95
208,SMCI,49.5900001526,48.7500000000,49.5999984741,48.0200004578,427900,1.1707805021,1.1334447079,0.95
209,TTE,57.6899986267,57.7200012207,58.0900001526,57.2799987793,3528400,1.1033184100,1.1038768877,0.94
210,PBFX,16.7099990845,16.3099994659,16.7500000000,16.1299991608,95100,1.1049186744,1.1054779621,0.94
211,NGS,14.0699996948,14.0900001526,14.3900003433,13.8800001144,37300,1.1081168810,1.1086777876,0.94
212,OFS,12.5000000000,12.4399995804,12.6999998093,12.3000001907,78800,1.1502833397,1.1136011930,0.94
213,CPLP,16.3500003815,16.3199996948,16.5699996948,16.0699996948,88000,1.1420959413,1.1056748880,0.94
214,PFIE,1.4400000572,1.4299999475,1.5190000534,1.4210000038,72400,1.1441614051,1.1076744849,0.94
215,EMO,30.3500003815,29.4300003052,30.3500003815,29.1399993896,52400,1.1105020624,1.1110641764,0.94
216,NTG,38.3600006104,37.5999984741,38.3600006104,37.0600013733,37200,1.0997524118,1.1003090845,0.94
217,PTR,54.6899986267,53.9199981689,54.6899986267,53.4700012207,102200,1.1097054618,1.1102671726,0.94
218,PWR,128.5800018311,126.5999984741,129.0700073242,124.6500015259,1411400,1.1121290808,1.1126920183,0.94
219,MTOR,36.0800018311,36.1199989319,36.1399993896,36.0600013733,944400,1.1106805624,1.1112427667,0.94
220,HRMY,45.6199989319,45.6100006104,46.5999984741,44.6599998474,453300,1.1370816465,1.1008204974,0.94
221,RGP,18.8500003815,18.4699993134,18.9200000763,18.3799991608,85300,1.1408092847,1.1044292625,0.94
222,DCP,37.1300010681,36.0000000000,37.7000007629,35.9099998474,471000,1.1117926192,1.1123553865,0.94
223,BP,32.5000000000,32.4599990845,32.6599998474,32.1599998474,12174600,1.1078886367,1.1084494278,0.94
224,BKR,35.5000000000,35.2299995422,36.1599998474,34.7900009155,9472000,1.1483486911,1.1117282398,0.94
225,SENEA,59.6300010681,58.2000007629,61.8300018311,58.0099983215,45700,1.1431968351,1.1067406747,0.94
226,SFL,10.8100004196,10.8199996948,10.8900003433,10.6300001144,980500,1.1034566290,1.1040151767,0.94
227,NRGX,15.6199998856,15.5200004578,15.7700004578,15.2899999619,98300,1.1019750821,1.1025328799,0.94
228,CTR,31.9099998474,30.8999996185,31.9099998474,30.7500000000,64900,1.1005681911,1.1011252767,0.94
229,EURN,12.1599998474,12.4399995804,12.6029996872,12.0749998093,1680600,1.1110773228,1.1116397279,0.94
230,LBRT,17.0100002289,16.8700008392,17.3500003815,16.1800003052,3212100,1.0998387648,1.1003954812,0.94
231,CAPL,21.7800006866,21.5699996948,21.8500003815,21.0400009155,56700,1.0927197437,1.0932728566,0.93
232,RFP,15.4899997711,15.0600004196,15.6199998856,14.7899999619,1098100,1.0915365091,1.0920890231,0.93
233,NOC,459.3500061035,463.8200073242,465.8399963379,453.0000000000,964400,1.0932682359,1.0938216265,0.93
234,NTCT,34.4500007629,34.9700012207,35.1699981689,34.3800010681,331300,1.1324222931,1.0963097292,0.93
235,TVTY,32.1800003052,32.2799987793,32.2999992371,32.1599998474,428800,1.1334478701,1.0973026009,0.93
236,CEM,36.3100013733,35.5299987793,36.3800010681,35.3100013733,62700,1.0983639545,1.0989199244,0.93
237,ET,11.9399995804,11.6400003433,11.9399995804,11.5500001907,19789200,1.0913315263,1.0918839365,0.93
238,BCC,78.8499984741,77.1999969482,80.4760971069,76.2399978638,473622,1.0964277287,1.0969827185,0.93
239,GCP,31.1599998474,31.2999992371,31.3099994659,31.0300006866,651800,1.0986658765,1.0992219992,0.93
240,CNR,24.4200000763,24.4500007629,24.4599990845,24.3799991608,991700,1.0961630022,1.0967178580,0.93
241,HT,11.6400003433,11.6999998093,11.9300003052,11.5399999619,502800,1.0991134554,1.0996698047,0.93
242,NVEE,122.3300018311,122.2300033569,123.0699996948,120.0899963379,58600,1.1266979103,1.0907678950,0.93
243,HESM,33.3699989319,33.0200004578,33.8349990845,32.7099990845,709200,1.0962737394,1.0968286513,0.93
244,FPL,6.6399998665,6.5500001907,6.6399998665,6.4400000572,139300,1.0906464989,1.0911985624,0.93
245,FTGC,29.8899993896,29.8799991608,29.9699993134,29.7399997711,1135600,1.1269534933,1.0910153276,0.93
246,GPRK,17.1200008392,16.7900009155,17.1599998474,16.1399993896,217800,1.0875086968,1.0880591720,0.92
247,GER,13.2399997711,13.0699996948,13.2600002289,12.9010000229,63100,1.0872889678,1.0878393318,0.92
248,CDK,54.6300010681,54.5400009155,54.6650009155,54.5149993896,1407600,1.1176492947,1.0820078367,0.92
249,BTI,43.0200004578,43.3699989319,43.5400009155,42.6699981689,2535100,1.0839187339,1.0844673919,0.92
250,UFCS,31.7299995422,31.3700008392,31.8099994659,31.1599998474,66400,1.1243926592,1.0885361576,0.92
251,TYG,34.6199989319,34.1800003052,34.6199989319,33.7000007629,56200,1.0888784941,1.0894296627,0.92
252,WTTR,8.7399997711,8.5000000000,8.7399997711,8.1800003052,480700,1.0872111362,1.0877614608,0.92
253,EPD,28.1499996185,27.6200008392,28.1499996185,27.3400001526,5404000,1.0893447292,1.0898961337,0.92
254,NOV,20.1800003052,20.0000000000,20.4300003052,19.7000007629,4072400,1.0846983850,1.0852474377,0.92
255,NWPX,33.5299987793,33.8100013733,33.9799995422,32.8199996948,40700,1.1247761729,1.0889074412,0.92
256,GEL,12.5500001907,12.3100004196,12.6899995804,12.1499996185,241000,1.0848967447,1.0854458978,0.92
257,SR,75.4700012207,76.9599990845,77.5400009155,75.3000030518,296400,1.0796271954,1.0801736811,0.91
258,GLP,27.9899997711,27.4400005341,28.0599994659,27.1399993896,91000,1.0796283189,1.0801748052,0.91
259,NR,4.3600001335,4.2699999809,4.3899998665,4.1799998283,393100,1.0742338715,1.0747776272,0.91
260,ORA,82.2900009155,80.2500000000,82.5000000000,80.2200012207,307100,1.0727939856,1.0733370125,0.91
261,MANT,94.7200012207,94.5800018311,95.0000000000,94.5199966431,457500,1.1139888969,1.0784641678,0.91
262,KYN,9.5600004196,9.3900003433,9.5600004196,9.2500000000,493300,1.0788931288,1.0794392430,0.91
263,MPLX,34.0099983215,33.6300010681,34.0099983215,33.0099983215,1750000,1.0745261655,1.0750700692,0.91
264,CBT,73.0899963379,72.8099975586,74.6399993896,71.6999969482,627300,1.0774604974,1.0780058863,0.91
265,SJIV,68.7799987793,69.3349990845,69.3349990845,68.7799987793,3100,1.0692733461,1.0698145910,0.90
266,AUY,5.3099999428,5.6500000954,5.7100000381,5.2600002289,34969798,1.0722247437,1.0727674825,0.90
267,OIS,8.0399999619,7.7899999619,8.1499996185,7.4499998093,842300,1.0676408305,1.0681812490,0.90
268,SNEX,78.7200012207,75.6500015259,78.7200012207,75.4700012207,57200,1.1072723543,1.0719618135,0.90
269,NJR,45.7099990845,46.0400009155,46.5200004578,45.4000015259,327000,1.0591996849,1.0597358307,0.89
270,BCX,11.0699996948,11.0299997330,11.0796003342,10.9399995804,331219,1.0645575577,1.0650964155,0.89
271,AM,10.8800001144,10.7500000000,10.8900003433,10.5950002670,2085175,1.0620457536,1.0625833399,0.89
272,DBI,15.3299999237,15.0399999619,15.6599998474,15.0200004578,973500,1.0612610443,1.0617982334,0.89
273,BECN,62.6199989319,61.7500000000,63.3199996948,60.9399986267,425100,1.0962092378,1.0612514960,0.89
274,TRP,56.4700012207,56.8300018311,57.2000007629,56.3300018311,1065400,1.0638946810,1.0644332032,0.89
275,RIG,4.5300002098,4.4000000954,4.6399998665,4.2199997902,25369100,1.0609795770,1.0615166237,0.89
276,NSR,7.8899998665,8.1999998093,8.2200002670,7.6599998474,25900,1.0638008890,1.0643393637,0.89
277,UNVR,30.8999996185,30.4799995422,31.3999996185,30.4099998474,2013600,1.0631082824,1.0636464066,0.89
278,AROC,9.8299999237,9.6400003433,9.8699998856,9.4799995422,1154197,1.0604823531,1.0610191481,0.89
279,LW,66.1999969482,66.5800018311,67.2600021362,66.0000000000,1056800,1.0647611214,1.0653000822,0.89
280,DNOW,11.3299999237,11.0200004578,11.3500003815,10.8950004578,447800,1.0575110576,1.0580463486,0.88
281,UTL,56.0800018311,56.2700004578,57.4300003052,55.9700012207,57200,1.0584718070,1.0590075843,0.88
282,CTS,38.6899986267,38.4399986267,38.9099998474,38.4399986267,94100,1.0566871510,1.0572220250,0.88
283,PAA,11.6199998856,11.4300003052,11.6999998093,11.3699998856,3625600,1.0931097778,1.0582508767,0.88
284,SHLX,14.5100002289,14.5000000000,14.6000003815,14.3299999237,1244900,1.0515344194,1.0520666851,0.87
285,PAGP,12.1899995804,12.0799999237,12.2500000000,11.9499998093,1574000,1.0879053678,1.0532124336,0.87
286,DXR,12.6700000763,12.6899995804,13.0000000000,12.3999996185,1600,1.0831661941,1.0486243905,0.86
287,BHR,6.0399999619,5.9600000381,6.2300000191,5.9099998474,704205,1.0466535714,1.0471833665,0.86
288,OSBC,14.7200002670,14.4399995804,14.9099998474,14.3500003815,288800,1.0856331900,1.0510127148,0.86
289,SLP,48.2400016785,47.8499984741,49.2799987793,47.5499992371,82200,1.0779060588,1.0435319992,0.85
290,PSN,39.8699989319,38.4599990845,39.8849983215,38.4300003052,371300,1.0367994234,1.0373242306,0.83
291,KEX,68.4000015259,68.0100021362,68.7799987793,67.5100021362,364900,1.0347843065,1.0353080936,0.80
292,AMPI,9.7899999619,9.7899999619,9.7899999619,9.7899999619,0,1.0334272252,1.0339503255,0.78
293,MNTX,7.1199998856,7.7199997902,7.7199997902,7.1199998856,700,1.0679385969,1.0338823963,0.78
