,symbol,close,relative_strength_sp500,rank
0,HYMC,1.2949999571,1.9593217255,1.00
1,AMR,177.4324951172,1.7678712588,1.00
2,PTE,2.5099999905,2.9886395374,1.00
3,ATIF,2.2300000191,2.0971464403,1.00
4,HUDI,23.7900009155,1.7682169520,1.00
5,PT,1.6705000401,1.9881500334,1.00
6,DWACU,47.7099990845,1.9400758431,1.00
7,ELC,23.7999992371,15.5146934600,1.00
8,BTCS,2.6041998863,2.7482166221,1.00
9,LEJU,4.0799999237,3.2140574761,1.00
10,ZIVO,3.1080000401,5.8751784412,1.00
11,SRGA,4.8649997711,6.3421894825,1.00
12,BHAT,1.5147000551,2.3573212867,1.00
13,SXTC,1.8899999857,3.8840384009,1.00
14,PECO,35.4389991760,1.6952672142,1.00
15,LWLG,7.9010000229,1.8920261481,1.00
16,TRVI,2.3399999142,1.8845029695,1.00
17,VTNR,14.5500001907,2.1464649178,1.00
18,EVOK,2.8499999046,2.3291129080,1.00
19,FENG,3.3506999016,2.2358930299,1.00
20,HPKEW,21.0000000000,1.8973219108,1.00
21,TNXP,2.2000000477,5.3024368978,1.00
22,SQFTP,23.7999992371,3.0629253507,1.00
23,TXMD,2.1749999523,4.0300757451,1.00
24,CMPI,10.5000000000,1.7627473409,1.00
25,IVT,30.6900005341,4.2105917599,1.00
26,HYMCL,0.3001999855,2.1730581994,1.00
27,SANG,8.0799999237,1.9795890306,1.00
28,RMTI,1.4104000330,2.1311002192,1.00
29,BPT,19.1900005341,1.7688738657,1.00
30,METX,1.4400000572,3.2684923689,1.00
31,CTIC,5.4349999428,1.7743675719,1.00
32,MICS,2.8949999809,7.0126026098,1.00
33,MKD,0.9150000215,2.5589529397,1.00
34,HDSN,9.6800003052,1.7440493870,1.00
35,RDBX,7.2399001122,1.9522645239,1.00
36,RCMT,23.7798995972,2.1139797705,1.00
37,PXS,2.7400000095,2.5062653009,1.00
38,TH,6.1999998093,1.4024823486,0.99
39,LIDRW,1.3500000238,1.5598943118,0.99
40,LNTH,70.1600036621,1.4102427756,0.99
41,KOS,7.9200000763,1.3735772568,0.99
42,ISPO,6.0209999084,1.4498867174,0.99
43,LVLU,18.2099990845,1.3801841625,0.99
44,LXU,19.1200008392,1.3676572593,0.99
45,HPK,32.3199996948,1.4669205942,0.99
46,IVDA,1.5000000000,1.5068610850,0.99
47,HIVE,3.9049999714,1.3840490146,0.99
48,GRIN,26.1299991608,1.3748333623,0.99
49,MTR,17.5006008148,1.5949640887,0.99
50,AEHR,8.4499998093,1.5511977090,0.99
51,NC,58.8300018311,1.4309203483,0.99
52,GDYN,18.4400005341,1.3299851048,0.99
53,IONM,2.2599999905,1.3927360672,0.99
54,NEX,11.0399999619,1.3215285912,0.99
55,NEXT,7.7350001335,1.6602630286,0.99
56,NINE,3.2611000538,1.6563190924,0.99
57,NRP,49.0200004578,1.3375549666,0.99
58,NURO,4.0300998688,1.4325824382,0.99
59,NVCT,15.7100000381,1.6093920307,0.99
60,OXY,70.4649963379,1.3635633356,0.99
61,FCUV,14.6999998093,1.3428661555,0.99
62,PBF,32.4399986267,1.4535032550,0.99
63,PBT,17.5000000000,1.4362549722,0.99
64,IMTE,8.9099998474,1.3251915750,0.99
65,EQT,48.5299987793,1.4791242744,0.99
66,DWAC,44.2500000000,1.6097101972,0.99
67,PPIH,14.3501996994,1.3260761436,0.99
68,DOGZ,3.8499999046,1.4340879820,0.99
69,VHI,52.6715011597,1.4738303065,0.99
70,VET,21.6900005341,1.3358356464,0.99
71,VERU,12.7700004578,1.4690077337,0.99
72,AMPY,9.1049995422,1.4348567002,0.99
73,DDS,301.3949890137,1.3695978334,0.99
74,PVL,4.6250000000,1.4455938850,0.99
75,VAL,60.3450012207,1.3676077145,0.99
76,CVI,34.7200012207,1.4140390089,0.99
77,CVE,22.5114002228,1.3488944900,0.99
78,CTRA,35.4150009155,1.3244093600,0.99
79,RENN,28.3400001526,1.3598414311,0.99
80,LGVN,8.1400003433,1.5189499700,0.99
81,CRK,20.1949996948,1.6939459744,0.99
82,UONE,12.0900001526,1.4654980351,0.99
83,AR,44.5099983215,1.5288186087,0.99
84,RRC,36.1800003052,1.3700083181,0.99
85,CNCE,6.3442997932,1.4102242061,0.99
86,ARCH,167.0099945068,1.3501040041,0.99
87,ARL,22.3638000488,1.3494780401,0.99
88,ARLP,19.6700000763,1.4316380814,0.99
89,CISO,5.4200000763,1.3936967155,0.99
90,SD,24.9200000763,1.6014654308,0.99
91,SGML,18.3500003815,1.4872978956,0.99
92,SIGA,13.9010000229,1.5607609375,0.99
93,CHKEZ,79.0599975586,1.3511046934,0.99
94,CHKEW,84.6699981689,1.3526790739,0.99
95,CHKEL,75.7799987793,1.4051172795,0.99
96,SJT,12.7500000000,1.4949085692,0.99
97,SM,48.9599990845,1.3223516926,0.99
98,SMHI,9.2049999237,1.4280050073,0.99
99,CEIX,53.3899993896,1.5099650872,0.99
100,SQM,113.3450012207,1.4068326118,0.99
101,CARV,11.3009996414,1.3489423544,0.99
102,CAR,196.2899932861,1.4576982634,0.99
103,SRRA,54.7599983215,1.4452255836,0.99
104,BTU,25.0000000000,1.5403949194,0.99
105,STNG,33.8241996765,1.3631663613,0.99
106,TWI,18.4274005890,1.3433003298,0.99
107,BRW,8.2150001526,1.3736939029,0.99
108,SWN,9.1599998474,1.3456867763,0.99
109,BORR,5.1174998283,1.5849768278,0.99
110,TDW,27.3700008392,1.3962403908,0.99
111,DK,29.6200008392,1.2715095644,0.98
112,BLU,8.3549995422,1.2743889049,0.98
113,MGY,28.1100006104,1.2480480294,0.98
114,BRY,11.3500003815,1.2375829288,0.98
115,APA,47.2799987793,1.2799894385,0.98
116,RGC,28.7500000000,1.3000283811,0.98
117,TRMD,14.2500000000,1.2977761513,0.98
118,CRT,19.2399997711,1.2404528154,0.98
119,UAN,127.8399963379,1.2741424256,0.98
120,UONEK,6.6599998474,1.3143658219,0.98
121,APTS,24.9449996948,1.2614633086,0.98
122,ASC,7.3828001022,1.2778653976,0.98
123,METC,14.3299999237,1.2356824518,0.98
124,CPSS,13.6300001144,1.2943269174,0.98
125,ROCC,42.5279998779,1.2278176524,0.98
126,TGA,4.6891999245,1.2759015876,0.98
127,CPG,8.7899999619,1.2476297602,0.98
128,CCXI,23.0699996948,1.3036333908,0.98
129,SOUN,7.8200001717,1.2400606230,0.98
130,FRGE,17.9500007629,1.2460329819,0.98
131,WFRD,34.5099983215,1.2658414695,0.98
132,HP,51.7799987793,1.2513003758,0.98
133,HMLP,9.0101003647,1.2631778336,0.98
134,HNRG,4.8411998749,1.2740223412,0.98
135,CLR,68.5699996948,1.2327656506,0.98
136,SBOW,38.3800010681,1.3209487466,0.98
137,NTRBW,5.9899997711,1.2770843389,0.98
138,ESTE,18.5750007629,1.2657791771,0.98
139,ERF,14.8599996567,1.2813048175,0.98
140,NRT,18.5000991821,1.3214392781,0.98
141,ALB,269.9700012207,1.2348832589,0.98
142,SBR,74.3349990845,1.2439101611,0.98
143,EQRX,5.1950001717,1.2374886754,0.98
144,PDS,77.1500015259,1.2770521090,0.98
145,VRTV,143.2899932861,1.3139189135,0.98
146,GCBC,55.7200012207,1.2495211082,0.98
147,EPAM,334.0000000000,1.2415007081,0.98
148,NE,36.8499984741,1.2298244171,0.98
149,EOLS,13.4849996567,1.2509713362,0.98
150,ENLC,11.3097000122,1.2633469647,0.98
151,VLO,132.0700073242,1.2773814762,0.98
152,NAOV,0.6973999739,1.3162685312,0.98
153,EGY,7.4510002136,1.3203678546,0.98
154,DXLG,4.4749999046,1.3005336213,0.98
155,MUSA,255.6999969482,1.2493355659,0.98
156,MARPS,7.8101000786,1.2962796198,0.98
157,DVN,75.1999969482,1.3063777960,0.98
158,TTI,5.3499999046,1.2616753349,0.98
159,VIST,9.6300001144,1.2515662291,0.98
160,CIVI,76.7300033569,1.2795843008,0.98
161,DMLP,30.8349990845,1.2595644316,0.98
162,IRTC,138.4221038818,1.2575244903,0.98
163,GLOP,5.4050002098,1.2929300388,0.98
164,ASRT,3.1024999619,1.2616904725,0.98
165,MRO,30.7999992371,1.3049697735,0.98
166,TRQ,28.1499996185,1.2313906540,0.98
167,AMPH,38.5299987793,1.2709019327,0.98
168,HSON,37.1899986267,1.2612328451,0.98
169,GREE,4.5799999237,1.2758285039,0.98
170,PTEN,19.7399997711,1.3147416325,0.98
171,PTSI,28.6499996185,1.2403556798,0.98
172,AVD,24.6000003815,1.2342957457,0.98
173,TROO,2.8213999271,1.3058293817,0.98
174,CXW,12.9899997711,1.2442962331,0.98
175,MRIN,2.0899999142,1.2955592859,0.98
176,VALU,68.9599990845,1.2514672725,0.98
177,LTHM,33.9599990845,1.2525823701,0.98
178,MNRL,30.4400005341,1.2304705477,0.98
179,DINO,49.6599998474,1.2442742006,0.98
180,MN,12.7299995422,1.2609056122,0.98
181,IPI,63.9150009155,1.2026346276,0.97
182,IPWR,13.3699998856,1.2082987284,0.97
183,ISIG,10.1400003433,1.1971339075,0.97
184,WLL,87.5800018311,1.1961268407,0.97
185,VYGR,6.0999999046,1.2201789781,0.97
186,VOC,7.4182000160,1.2030081605,0.97
187,APLD,4.4821000099,1.2026276041,0.97
188,BBW,20.2399997711,1.2051440741,0.97
189,TNK,21.2999992371,1.1959224412,0.97
190,TMST,24.1464004517,1.2128483944,0.97
191,TMDX,29.6700000763,1.2168763550,0.97
192,BEST,1.2601000071,1.2177652604,0.97
193,BHVN,143.5500030518,1.1981404101,0.97
194,BIOR,0.8389000297,1.2273849953,0.97
195,TECK,43.0400009155,1.2101966195,0.97
196,TCDA,8.3999996185,1.1974735541,0.97
197,BLTE,14.6199998856,1.1897025904,0.97
198,TALO,22.3299999237,1.1947100630,0.97
199,SWCH,33.7099990845,1.2017269109,0.97
200,SU,40.3549995422,1.2206234487,0.97
201,STON,3.4200000763,1.2022460181,0.97
202,BSM,15.9700002670,1.2115780654,0.97
203,SRTS,8.9700002670,1.2268127412,0.97
204,SPTN,34.4900016785,1.1946316076,0.97
205,CC,43.5247993469,1.2166705820,0.97
206,SOTK,6.3998999596,1.2001756002,0.97
207,SOGU,45.3708992004,1.1906692066,0.97
208,CEPU,3.9000000954,1.1894185158,0.97
209,SLVM,49.5149993896,1.2232087832,0.97
210,SITM,213.6100006104,1.1962371345,0.97
211,CLMT,13.8999996185,1.2268529532,0.97
212,SBLK,32.5000000000,1.1964216774,0.97
213,SAIL,63.2099990845,1.2065655815,0.97
214,RYI,30.5799999237,1.2095385478,0.97
215,CNQ,66.5699996948,1.2163288011,0.97
216,CNX,22.5149993896,1.2211419688,0.97
217,COP,113.3700027466,1.2097001102,0.97
218,RIBT,0.6725000143,1.2231746878,0.97
219,RES,9.3050003052,1.2208789355,0.97
220,CVEO,28.0849990845,1.2009959846,0.97
221,CYTK,41.7200012207,1.1942381329,0.97
222,PXI,49.2599983215,1.2039147569,0.97
223,DHX,6.5900001526,1.1943931519,0.97
224,PNRG,83.7850036621,1.2004857097,0.97
225,EGLE,70.9767990112,1.2240668326,0.97
226,PFSW,12.7799997330,1.1904896669,0.97
227,ESEA,32.7500000000,1.2065064066,0.97
228,OVV,55.3741989136,1.2020288620,0.97
229,FGBI,29.3500003815,1.2276302368,0.97
230,FLMN,7.4949998856,1.2184866490,0.97
231,OAS,160.7400054932,1.2186731468,0.97
232,NUTX,9.9899997711,1.1993001349,0.97
233,NSYS,11.7500000000,1.2059332590,0.97
234,FTXN,30.1100006104,1.1933794443,0.97
235,NOG,32.2190017700,1.2068448039,0.97
236,NFE,47.9900016785,1.2241796719,0.97
237,NEON,6.5000000000,1.2034219276,0.97
238,NBR,165.2299957275,1.2231474711,0.97
239,MVO,11.6999998093,1.2193166836,0.97
240,MUR,42.6002006531,1.2177867539,0.97
241,GNK,24.9449996948,1.2127426594,0.97
242,MTDR,60.8451995850,1.2223053755,0.97
243,GPOR,99.3099975586,1.2176174872,0.97
244,MPC,102.0400009155,1.1935929398,0.97
245,HAL,40.7949981689,1.1962904617,0.97
246,MNKD,4.3550000191,1.2165920318,0.97
247,HRB,35.3849983215,1.1957635804,0.97
248,LAC,27.7199993134,1.2089069602,0.97
249,KRP,19.3600006104,1.1894464966,0.97
250,WTI,6.5549998283,1.2125427716,0.97
251,SLB,47.9199981689,1.1583113201,0.96
252,SLCA,17.9899997711,1.1851895054,0.96
253,CF,94.6500015259,1.1893298367,0.96
254,TRGP,72.4899978638,1.1745309474,0.96
255,TS,34.4199981689,1.1794330756,0.96
256,SWX,95.0599975586,1.1628248122,0.96
257,CDR,26.7950000763,1.1816250826,0.96
258,TUFN,12.5790004730,1.1724855886,0.96
259,LAUR,13.1800003052,1.1778589983,0.96
260,ELP,7.6950001717,1.1838629184,0.96
261,SOI,14.1099996567,1.1734378686,0.96
262,EIGR,6.7500000000,1.1872767045,0.96
263,PHUN,1.4299999475,1.1777295496,0.96
264,PBR,14.2950000763,1.1857583200,0.96
265,EDRY,28.7299995422,1.1692133265,0.96
266,PANL,6.4499998093,1.1813260388,0.96
267,PAM,23.9465007782,1.1673479384,0.96
268,STLD,87.6299972534,1.1565016535,0.96
269,PLAN,65.5699996948,1.1710269654,0.96
270,PME,1.0187000036,1.1808845781,0.96
271,WIRE,126.5199966431,1.1719044980,0.96
272,DVAX,12.3800001144,1.1626672967,0.96
273,PCOM,24.6399993896,1.1618087366,0.96
274,OIS,7.6999998093,1.1754228662,0.96
275,POLY,39.6599998474,1.1544246438,0.96
276,PDCE,77.4424972534,1.1710131924,0.96
277,PPC,33.3699989319,1.1819647228,0.96
278,OXBR,5.0651998520,1.1701667793,0.96
279,DTM,57.2400016785,1.1590904371,0.96
280,DSX,6.3150000572,1.1663130612,0.96
281,FMAO,39.8400001526,1.1808665209,0.96
282,NDP,32.8899993896,1.1687728709,0.96
283,GEO,7.1300001144,1.1568701362,0.96
284,FLR,27.8600006104,1.1717441705,0.96
285,FLNG,27.7399997711,1.1774828137,0.96
286,PRPH,8.4499998093,1.1816684350,0.96
287,PSCE,11.4449996948,1.1789607735,0.96
288,BKR,37.0349998474,1.1653159186,0.96
289,MYE,23.9899997711,1.1567754106,0.96
290,PXD,277.4899902344,1.1846266222,0.96
291,EQNR,37.6899986267,1.1855700462,0.96
292,EPSN,7.1399998665,1.1779643466,0.96
293,TGS,6.6900000572,1.1586055595,0.96
294,AMX,22.3549995422,1.1551940598,0.96
295,CVX,177.4049987793,1.1801809220,0.96
296,GRVI,5.8400998116,1.1549595336,0.96
297,VNOM,32.5699996948,1.1769122174,0.96
298,SSL,26.0499992371,1.1576248187,0.96
299,RELL,14.0050001144,1.1868749041,0.96
300,UTHR,234.1000061035,1.1646992016,0.96
301,MOS,59.2299995422,1.1550819755,0.96
302,HCC,33.9799995422,1.1833110942,0.96
303,XOM,97.9098968506,1.1866199430,0.96
304,EOG,136.3300018311,1.1801023448,0.96
305,CAL,28.7950000763,1.1570556979,0.96
306,WOW,22.5599994659,1.1707154041,0.96
307,MMLP,4.1424999237,1.1794693032,0.96
308,JMSB,27.8999996185,1.1728940017,0.96
309,LLY,320.0299987793,1.1838550789,0.96
310,HHS,8.4300003052,1.1561837916,0.96
311,MCK,334.2049865723,1.1774256089,0.96
312,SHEL,60.0299987793,1.1556165640,0.96
313,CHK,102.8499984741,1.1650996698,0.96
314,DKL,57.0000000000,1.1676080301,0.96
315,ZTEK,2.2000000477,1.1553853651,0.96
316,FANG,151.9799957275,1.1839348706,0.96
317,ATGE,32.2000007629,1.1354289165,0.95
318,OFS,12.6927003860,1.1488529290,0.95
319,AA,64.0350036621,1.1371910361,0.95
320,OLN,65.7500000000,1.1507333405,0.95
321,OPCH,30.7250003815,1.1508486123,0.95
322,SYNL,16.1000003815,1.1455508976,0.95
323,STGW,8.0850000381,1.1511496844,0.95
324,TSEM,48.3300018311,1.1484809958,0.95
325,SPLP,42.2500000000,1.1370960004,0.95
326,JKS,58.2228012085,1.1536102819,0.95
327,ASIX,46.8250007629,1.1459208991,0.95
328,ISSC,8.8249998093,1.1432330434,0.95
329,TNP,11.2899999619,1.1407283127,0.95
330,SMM,8.6499996185,1.1385800870,0.95
331,SMCI,49.5000000000,1.1453739296,0.95
332,CERE,26.8500003815,1.1378124154,0.95
333,AZPN,195.0099945068,1.1442359138,0.95
334,KEN,58.1599998474,1.1441906734,0.95
335,ZIM,67.7600021362,1.1429701481,0.95
336,SIMO,90.4899978638,1.1468217530,0.95
337,CHS,5.0900001526,1.1497167156,0.95
338,MAYS,42.0000000000,1.1404259584,0.95
339,TASK,24.2709999084,1.1358036476,0.95
340,ULH,27.4850006104,1.1454584884,0.95
341,SBS,10.0150003433,1.1379090531,0.95
342,ARIS,20.7099990845,1.1436703856,0.95
343,WSTG,38.2500000000,1.1421968064,0.95
344,MGPI,97.6200027466,1.1407191941,0.95
345,SARK,60.2905998230,1.1529615572,0.95
346,SAMG,20.3500003815,1.1439952877,0.95
347,ZEUS,36.0950012207,1.1416270838,0.95
348,RTLR,17.1399993896,1.1522911623,0.95
349,HES,122.7900009155,1.1446200028,0.95
350,SUMR,11.7799997330,1.1522316516,0.95
351,COKE,568.1099853516,1.1428300629,0.95
352,COMT,43.7700004578,1.1467429661,0.95
353,WMK,72.8750000000,1.1449524954,0.95
354,UNM,36.3100013733,1.1435072485,0.95
355,RNGR,10.9399995804,1.1424932434,0.95
356,RNDB,26.0000000000,1.1488352043,0.95
357,RMNI,6.3200001717,1.1395516556,0.95
358,CUTR,47.8400001526,1.1398456016,0.95
359,CWCO,13.6499996185,1.1363482278,0.95
360,CYBE,43.8650016785,1.1352046036,0.95
361,TCI,45.5000000000,1.1394159418,0.95
362,WMB,37.5050010681,1.1442545065,0.95
363,GFF,31.4349994659,1.1397857419,0.95
364,AMOV,22.0601005554,1.1465622030,0.95
365,DLNG,4.0100002289,1.1363344642,0.95
366,ATEN,15.7799997330,1.1498125578,0.95
367,PNBK,14.4700002670,1.1514393185,0.95
368,PMTS,18.0121994019,1.1396192410,0.95
369,NL,8.8000001907,1.1502361736,0.95
370,PLAB,20.9599990845,1.1524775470,0.95
371,TX,44.6250000000,1.1363426903,0.95
372,EBR,9.1000003815,1.1420725262,0.95
373,PHX,3.5416998863,1.1403825701,0.95
374,NR,4.4899997711,1.1362596758,0.95
375,NRG,46.0999984741,1.1462582950,0.95
376,EMCF,35.6074981689,1.1347753937,0.95
377,ALKS,30.6100006104,1.1541557016,0.95
378,PEO,23.1599998474,1.1380298367,0.95
379,ALJJ,2.0650000572,1.1419978077,0.95
380,ALCO,41.3300018311,1.1515082722,0.95
381,VST,26.0949993134,1.1386484897,0.95
382,ESQ,37.5000000000,1.1351486228,0.95
383,PDBC,19.6250000000,1.1508289539,0.95
384,EVA,77.5299987793,1.1464199453,0.95
385,EXC,49.5676994324,1.1454690198,0.95
386,NVGS,13.6999998093,1.1416083374,0.95
387,KNTK,85.1999969482,1.1232495264,0.94
388,INSW,24.3500003815,1.1318237742,0.94
389,USOI,5.7150001526,1.1163272350,0.94
390,RLYB,13.0000000000,1.1233409278,0.94
391,QUIK,6.7100000381,1.1204033549,0.94
392,MRNA,147.9499969482,1.1162695185,0.94
393,ANY,1.0183999538,1.1313896080,0.94
394,JWN,26.2399997711,1.1210600464,0.94
395,MRK,92.0899963379,1.1160390763,0.94
396,CLFD,61.5699996948,1.1333872339,0.94
397,REGN,690.9299926758,1.1156109719,0.94
398,TTE,58.4799995422,1.1271996660,0.94
399,GSM,7.4349999428,1.1249513574,0.94
400,LPG,16.9200000763,1.1225285936,0.94
401,AZO,2063.0300292969,1.1168962168,0.94
402,BCBP,20.1499996185,1.1328041840,0.94
403,LRN,39.3250007629,1.1320196194,0.94
404,FPI,14.8699998856,1.1191653078,0.94
405,NPTN,15.5399999619,1.1277534180,0.94
406,SFL,11.3199996948,1.1177591396,0.94
407,IMXI,20.0799999237,1.1280793985,0.94
408,NLSN,25.7399997711,1.1327184077,0.94
409,PAG,114.7949981689,1.1185715624,0.94
410,AGRI,2.8599998951,1.1242687049,0.94
411,WTTR,8.6000003815,1.1330386981,0.94
412,EXLS,143.6300048828,1.1274524771,0.94
413,CMRE,14.3500003815,1.1261300099,0.94
414,NGVC,17.8600006104,1.1311297173,0.94
415,NFG,73.6050033569,1.1328706522,0.94
416,EVH,28.6700000763,1.1158293187,0.94
417,KRO,18.5499992371,1.1147906750,0.94
418,WRB,70.1999969482,1.1251682936,0.94
419,PRCT,40.1800003052,1.1191677736,0.94
420,SWIR,22.5400009155,1.1311830622,0.94
421,HLIT,9.7550001144,1.1223300127,0.94
422,MIRM,24.8899993896,1.1195352429,0.94
423,PRT,10.0200004578,1.1316196133,0.94
424,PRTA,28.0000000000,1.1332792549,0.94
425,DLTR,161.8650054932,1.1314115222,0.94
426,MBII,1.1250000000,1.1313363659,0.94
427,SURG,4.8498997688,1.1252594234,0.94
428,CNR,24.5300006866,1.1173362924,0.94
429,BKEP,4.5328998566,1.1277319803,0.94
430,ICL,11.3004999161,1.1163029617,0.94
431,PBFX,17.1450004578,1.1238579016,0.94
432,AMRK,77.2307968140,1.1292514276,0.94
433,STRS,41.2799987793,1.1199696082,0.94
434,ENPH,189.9299926758,1.1305299426,0.94
435,EMO,30.1399993896,1.1157087045,0.94
436,ICPT,18.4500007629,1.1315517678,0.94
437,BGR,12.9897003174,1.1216553863,0.94
438,DGICB,16.7500000000,1.1156904185,0.94
439,PFE,53.6855010986,1.1264284893,0.94
440,NTR,94.9950027466,1.1268230273,0.94
441,CPHC,21.5599994659,1.1291615156,0.94
442,KR,53.0900001526,1.1292020205,0.94
443,ACC,64.8499984741,1.1295729764,0.94
444,WSR,12.3800001144,1.1245750761,0.94
445,NSEC,16.2399997711,1.1325682770,0.94
446,SIRE,19.0000000000,1.1231607924,0.94
447,EZPW,7.9050002098,1.1278304491,0.94
448,AEMD,1.5499999523,1.1244894526,0.94
449,HALO,47.7200012207,1.1165706696,0.94
450,LPI,83.7699966431,1.1262940249,0.94
451,GNE,7.8779001236,1.1324134161,0.94
452,NTCT,37.3499984741,1.1196428490,0.94
453,CRGE,4.4749999046,1.1151808970,0.94
454,BANF,88.9400024414,1.1123963910,0.93
455,SCI,69.9801025391,1.1140809774,0.93
456,SBT,6.6799998283,1.1082691287,0.93
457,CLW,34.0099983215,1.1046751239,0.93
458,AHPI,2.1761999130,1.1122346176,0.93
459,CAPL,22.2884006500,1.1037423419,0.93
460,CNP,32.2799987793,1.1092512699,0.93
461,VRTX,273.4400024414,1.1144425945,0.93
462,Y,833.5349731445,1.1081083010,0.93
463,CPE,57.2200012207,1.1139492162,0.93
464,PBHC,19.8500003815,1.1078605325,0.93
465,ACHC,71.9749984741,1.1039322783,0.93
466,GTYH,5.9050002098,1.1129584523,0.93
467,IDRA,0.6868000031,1.1055045789,0.93
468,CTR,31.4832000732,1.1057740109,0.93
469,UTI,9.1099996567,1.1092488216,0.93
470,ADM,88.1399993896,1.1058743035,0.93
471,BXC,83.4100036621,1.1110805102,0.93
472,ANTM,517.8099975586,1.1074364618,0.93
473,ADMA,2.0599999428,1.1084432733,0.93
474,MSP,35.0250015259,1.1146246325,0.93
475,CWEN,35.9000015259,1.1022303744,0.93
476,MTOR,36.1549987793,1.1040733818,0.93
477,AEL,41.2099990845,1.1137248053,0.93
478,DCP,36.3199996948,1.1049291086,0.93
479,ON,60.8199996948,1.1136452023,0.93
480,PTNR,7.5900001526,1.1086227659,0.93
481,LC,15.2500000000,1.1023890056,0.93
482,WHD,53.0400009155,1.1123916093,0.93
483,DLO,29.1499996185,1.1058845595,0.93
484,PSX,101.5400009155,1.1080532616,0.93
485,ORA,85.4400024414,1.1103781180,0.93
486,PSB,187.3899993896,1.1080094321,0.93
487,OTTR,64.9749984741,1.1067726873,0.93
488,AMEH,36.9399986267,1.1094222438,0.93
489,WLK,130.5500030518,1.1042632714,0.93
490,NGS,13.8868999481,1.1050028630,0.93
491,LBRT,16.3150005341,1.1102398233,0.93
492,AMC,13.3400001526,1.1058798623,0.93
493,PLUS,56.9799995422,1.1046191000,0.93
494,DY,94.7519989014,1.1092663799,0.93
495,EURN,12.9700002670,1.1051745232,0.93
496,NOV,19.8799991608,1.1025912736,0.93
497,NVEE,122.6500015259,1.1070167251,0.93
498,ED,100.3300018311,1.1087442589,0.93
499,FTGC,29.5400009155,1.1028006293,0.93
500,FRO,11.4300003052,1.1125342499,0.93
501,VIVO,27.9799995422,1.1072832374,0.93
502,PHI,37.8955001831,1.1072237084,0.93
503,BCTX,4.8449997902,1.1117126857,0.93
504,IMKTA,89.0950012207,1.1137749373,0.93
505,BELFA,21.5499992371,1.1054915563,0.93
506,TTP,30.2099990845,1.1037970956,0.93
507,PBA,40.2200012207,1.1127658359,0.93
508,LND,6.7500000000,1.1038951853,0.93
509,JILL,18.5599994659,1.1024256531,0.93
510,TIMB,14.9650001526,1.1071851100,0.93
511,TA,37.8800010681,1.1084839484,0.93
512,NUE,136.2100067139,1.1026932380,0.93
513,ASPS,10.7100000381,1.1097819421,0.93
514,ITCI,57.8300018311,1.1131376633,0.93
515,UFPT,76.7350006104,1.1093774625,0.93
516,NRGX,15.5507001877,1.1099764433,0.93
517,MBI,14.3500003815,1.1076929415,0.93
518,CIB,40.1349983215,1.1107571502,0.93
519,SENEA,57.2854003906,1.1023329307,0.93
520,FTI,8.7200002670,1.0940949583,0.92
521,NVO,107.3399963379,1.0943189740,0.92
522,IMMX,2.5999999046,1.0957114715,0.92
523,CEN,17.7199993134,1.0985256621,0.92
524,VG,19.3250007629,1.0997406768,0.92
525,RSG,135.7500000000,1.0946473477,0.92
526,HESM,33.4300003052,1.0995206602,0.92
527,CBIO,1.1900000572,1.1016741347,0.92
528,GEL,12.4399995804,1.0981437231,0.92
529,PRFT,100.2799987793,1.1009365206,0.92
530,OVBC,30.8099994659,1.0993552493,0.92
531,SRE,166.4499969482,1.0937350543,0.92
532,TTM,28.1200008392,1.0946486583,0.92
533,KMF,8.7090997696,1.0970422535,0.92
534,FULC,7.6199998856,1.1008027356,0.92
535,AROC,9.9399995804,1.0931619410,0.92
536,WES,28.0000000000,1.0988914464,0.92
537,FEAM,26.1650009155,1.0930593628,0.92
538,FDUS,20.0400009155,1.0930547969,0.92
539,VIV,10.8549995422,1.1019875004,0.92
540,AMAL,19.8999996185,1.1002953887,0.92
541,ABC,155.6150054932,1.0980472277,0.92
542,SB,4.7899999619,1.0935585113,0.92
543,ETRN,7.9549999237,1.0970421066,0.92
544,NRGV,14.6499996185,1.1004289045,0.92
545,BRDG,19.2950000763,1.0957044794,0.92
546,CMC,41.0200004578,1.0981704764,0.92
547,M,23.4120006561,1.0917427018,0.92
548,BG,113.7549972534,1.1005795055,0.92
549,FWONK,63.0149993896,1.0975028335,0.92
550,FWONA,57.7579994202,1.1021432419,0.92
551,EDN,5.7600002289,1.0995860855,0.92
552,PARR,16.6299991608,1.1019699324,0.92
553,ATKR,106.3600006104,1.1016860793,0.92
554,NTUS,32.8499984741,1.0934855476,0.92
555,SENEB,58.0000000000,1.1021408678,0.92
556,TSC,30.5400009155,1.0918185319,0.92
557,ATI,27.2800006866,1.0957660338,0.92
558,ASH,108.1399993896,1.1009380697,0.92
559,AOSL,45.3800010681,1.1018299965,0.92
560,GTLS,182.7299957275,1.0990372897,0.92
561,CDEV,7.8499999046,1.0988683346,0.92
562,RGP,18.1499996185,1.0996546543,0.92
563,EIX,70.1200027466,1.0925960336,0.92
564,MPWR,456.6199951172,1.1000335073,0.92
565,RLI,119.6200027466,1.0943028857,0.92
566,CLF,24.3400001526,1.0955174616,0.92
567,CDRE,26.8099994659,1.0936700086,0.92
568,SND,3.3849999905,1.0955431962,0.92
569,LPLA,199.0000000000,1.0968330184,0.92
570,CACC,583.5750122070,1.0995608157,0.92
571,CRESY,7.4200000763,1.0954889789,0.92
572,NTG,38.2700004578,1.0937726593,0.92
573,CYXT,14.3118000031,1.0971170929,0.92
574,TVTY,32.3300018311,1.1020771885,0.92
575,WEYS,27.1499996185,1.0930220771,0.92
576,BP,32.5849990845,1.1008299468,0.92
577,PWR,123.4400024414,1.0932813856,0.92
578,KOF,59.0099983215,1.0964751469,0.92
579,ISEE,10.9899997711,1.0929524137,0.92
580,PUYI,7.4400000572,1.0918156499,0.92
581,GGB,6.2249999046,1.1018874643,0.92
582,ATNI,44.2799987793,1.0959590840,0.92
583,ARC,3.0899999142,1.0985558985,0.92
584,ROG,264.7950134277,1.0924732093,0.92
585,CALM,48.0299987793,1.0950147085,0.92
586,SPH,17.0599994659,1.0927269443,0.92
587,CEM,35.9449996948,1.0977228537,0.92
588,NCSM,39.5000000000,1.0926511243,0.92
589,XENE,27.4200000763,1.0913645961,0.91
590,CLSD,1.3200000525,1.0844347951,0.91
591,FIF,15.8009996414,1.0862131571,0.91
592,BRT,22.9400005341,1.0903586104,0.91
593,SJI,34.5299987793,1.0895107988,0.91
594,QLYS,138.3200073242,1.0908704802,0.91
595,SGLY,4.6199998856,1.0893456138,0.91
596,LMST,19.8400001526,1.0876031014,0.91
597,HURN,61.0600013733,1.0889267480,0.91
598,ENOB,4.8499999046,1.0852860103,0.91
599,VLAT,9.7200002670,1.0905064159,0.91
600,ET,11.6800003052,1.0869857394,0.91
601,FATBP,20.8600006104,1.0892223665,0.91
602,PFIE,1.3500000238,1.0863742205,0.91
603,EPD,27.7199993134,1.0889201589,0.91
604,USAC,18.3400001526,1.0869545381,0.91
605,DNOW,11.1599998474,1.0909424938,0.91
606,TGLS,21.5499992371,1.0848439581,0.91
607,GERN,1.3849999905,1.0859174947,0.91
608,KNSL,218.5149993896,1.0895408437,0.91
609,FIZZ,50.7999992371,1.0890380399,0.91
610,JAKK,13.1800003052,1.0910496623,0.91
611,ITUB,5.4909000397,1.0911536625,0.91
612,UNFI,43.1199989319,1.0869925598,0.91
613,ULTA,415.5499877930,1.0854395635,0.91
614,AFG,137.3500061035,1.0876078623,0.91
615,IRT,24.0000000000,1.0868344778,0.91
616,HST,20.5599994659,1.0848338103,0.91
617,SCSC,39.0099983215,1.0885503148,0.91
618,SO,75.8099975586,1.0913742144,0.91
619,PGR,118.7699966431,1.0865057390,0.91
620,FET,24.0499992371,1.0890618527,0.91
621,ABBV,148.2500000000,1.0847763949,0.91
622,CXM,12.6700000763,1.0844790106,0.91
623,CTO,66.0599975586,1.0913126161,0.91
624,HGLB,10.5599002838,1.0878160553,0.91
625,NI,31.6749992371,1.0915975806,0.91
626,STKL,8.1649999619,1.0864419331,0.91
627,OI,16.7343997955,1.0855637273,0.91
628,LYB,115.5950012207,1.0838905278,0.91
629,SHIP,1.1797000170,1.0868101455,0.91
630,ARCO,7.6700000763,1.0869600493,0.91
631,ETR,120.8799972534,1.0834244783,0.91
632,HOLI,15.1199998856,1.0851048420,0.91
633,TWNK,21.4349994659,1.0858561504,0.91
634,PAC,147.6699981689,1.0874602541,0.91
635,FCN,167.0874938965,1.0897624368,0.91
636,MIC,3.8099999428,1.0846450102,0.91
637,IRM,54.1399993896,1.0893925591,0.91
638,PLL,66.4159011841,1.0851601491,0.91
639,GACQU,10.1486997604,1.0838986191,0.91
640,CTVA,61.6800003052,1.0891091845,0.91
641,TYG,33.6423988342,1.0860176486,0.91
642,CSL,253.3899993896,1.0874562641,0.91
643,ETTX,2.1800000668,1.0907565796,0.91
644,NXRT,74.5526962280,1.0839403018,0.91
645,CSGS,61.3699989319,1.0895056842,0.91
646,BMY,76.1050033569,1.0833045367,0.91
647,CEG,65.1299972534,1.0862777519,0.91
648,CPLP,15.6000003815,1.0900876015,0.91
649,BMA,16.5699996948,1.0835443063,0.91
650,DAC,83.6399993896,1.0883856624,0.91
651,UVV,63.5800018311,1.0846417940,0.91
652,PFIS,52.5499992371,1.0877358717,0.91
653,OGE,41.3300018311,1.0850188288,0.91
654,VMI,262.6199951172,1.0804971389,0.90
655,TAC,11.4499998093,1.0819449458,0.90
656,SYBT,58.5900001526,1.0769564654,0.90
657,BOWL,11.6049995422,1.0787497931,0.90
658,BRFH,5.2815999985,1.0802673145,0.90
659,BSKY,9.7299995422,1.0774416563,0.90
660,BVH,27.3999996185,1.0826900734,0.90
661,BX,120.0449981689,1.0776360762,0.90
662,CAAP,6.3600001335,1.0773233919,0.90
663,SR,78.5299987793,1.0794216521,0.90
664,ASPN,17.8199996948,1.0781588852,0.90
665,CB,208.9900054932,1.0770170730,0.90
666,CBT,75.9950027466,1.0801537168,0.90
667,ISAA,9.8999996185,1.0766591979,0.90
668,JT,1.8003000021,1.0789842997,0.90
669,CCJ,25.0900001526,1.0775126457,0.90
670,CDZIP,16.9699993134,1.0830631186,0.90
671,ARTNA,49.0800018311,1.0788978434,0.90
672,ARGX,320.6300048828,1.0784297912,0.90
673,SBAC,345.8900146484,1.0804476907,0.90
674,SAFT,93.6268005371,1.0765185422,0.90
675,SAFM,200.0000000000,1.0824846138,0.90
676,ICFI,101.3399963379,1.0832289699,0.90
677,YOU,27.8899993896,1.0775888172,0.90
678,CRVL,153.3600006104,1.0767702308,0.90
679,JUGGU,9.8381004333,1.0765140650,0.90
680,DALN,6.5999999046,1.0791007057,0.90
681,PUMP,12.9200000763,1.0795575590,0.90
682,DG,228.1999969482,1.0807259341,0.90
683,DGICA,15.8950004578,1.0767365570,0.90
684,DGII,22.3600006104,1.0773578634,0.90
685,DLHC,16.3299999237,1.0829609866,0.90
686,DRAYU,9.9899997711,1.0792743884,0.90
687,DZSI,17.5000000000,1.0774489560,0.90
688,EC,15.1800003052,1.0792255234,0.90
689,PJT,74.6399993896,1.0798875433,0.90
690,EVRG,70.0699996948,1.0769890591,0.90
691,PCG,12.2899999619,1.0791041834,0.90
692,EXTN,6.0399999619,1.0828540511,0.90
693,WEC,106.4449996948,1.0803258608,0.90
694,IIIN,40.5999984741,1.0778469299,0.90
695,OMAB,58.8600006104,1.0818817071,0.90
696,OKE,66.9100036621,1.0780995532,0.90
697,OEC,19.4200000763,1.0772657946,0.90
698,NWPX,33.6899986267,1.0812253373,0.90
699,NVNOW,0.1737000048,1.0817689431,0.90
700,WF,36.0299987793,1.0796421377,0.90
701,NSP,99.9899978638,1.0810345108,0.90
702,AGRO,11.3299999237,1.0766923136,0.90
703,NBN,37.9000015259,1.0820353691,0.90
704,AEP,102.8099975586,1.0831686311,0.90
705,GLP,29.4200000763,1.0816103008,0.90
706,AEG,5.5050001144,1.0831978243,0.90
707,GPK,22.4249992371,1.0807817697,0.90
708,HAYN,38.8899993896,1.0786167100,0.90
709,HEQ,14.0594997406,1.0798176504,0.90
710,WSC,36.1650009155,1.0773382740,0.90
711,HOLX,77.0149993896,1.0780634966,0.90
712,ITCB,3.8699998856,1.0795727997,0.90
713,TREC,9.7349996567,1.0771982628,0.90
714,BBSI,74.4800033569,1.0824031184,0.90
715,BCC,81.6999969482,1.0779584050,0.90
716,TPL,1570.0300292969,1.0784468345,0.90
717,BIS,27.5701007843,1.0824617775,0.90
718,BLDR,66.5800018311,1.0773566199,0.90
719,UGIC,98.8399963379,1.0757539686,0.89
720,DOC,18.7150001526,1.0707811129,0.89
721,CMS,71.3700027466,1.0711283203,0.89
722,GER,13.1897001266,1.0727613776,0.89
723,RS,204.1499938965,1.0740329056,0.89
724,BKH,77.0400009155,1.0735564401,0.89
725,PTR,52.4900016785,1.0749090687,0.89
726,BFS,48.8600006104,1.0728800699,0.89
727,UNH,505.1700134277,1.0716026911,0.89
728,CPRX,7.2950000763,1.0719245677,0.89
729,CBZ,41.1500015259,1.0744318102,0.89
730,HCI,69.5100021362,1.0727119551,0.89
731,BJ,58.8899993896,1.0737321475,0.89
732,CRC,45.2500000000,1.0713122510,0.89
733,TLK,29.2649993896,1.0751496192,0.89
734,HAE,64.0999984741,1.0712398268,0.89
735,REDU,1.1599999666,1.0739213731,0.89
736,ADP,223.5399932861,1.0710024846,0.89
737,AEE,96.4400024414,1.0753046442,0.89
738,DAR,81.5699996948,1.0714219026,0.89
739,STRN,2.1500000954,1.0747977205,0.89
740,WELL,90.1750030518,1.0717921643,0.89
741,ES,92.7699966431,1.0760474898,0.89
742,MTEX,25.5599994659,1.0701750327,0.89
743,TMO,566.8099975586,1.0733235812,0.89
744,CDK,54.4599990845,1.0756342419,0.89
745,SXC,8.3100004196,1.0703117117,0.89
746,JKHY,187.8200073242,1.0703415776,0.89
747,BTI,44.7200012207,1.0745803176,0.89
748,T,21.3264007568,1.0741872880,0.89
749,PDFS,24.1000003815,1.0711533386,0.89
750,FBIZ,33.6500015259,1.0733853946,0.89
751,NRZ,11.2550001144,1.0736024808,0.89
752,WWE,66.6800003052,1.0710512358,0.89
753,PBIP,15.9499998093,1.0713969522,0.89
754,ENB,46.3650016785,1.0735564671,0.89
755,PFMT,2.4400999546,1.0738153392,0.89
756,EYPT,9.4399995804,1.0755020857,0.89
757,LBC,13.6700000763,1.0716735163,0.89
758,UBS,18.8700008392,1.0723915581,0.89
759,ECPG,60.4049987793,1.0716477236,0.89
760,KYN,9.4202003479,1.0746057507,0.89
761,ONDS,7.1100001335,1.0741064412,0.89
762,AZN,67.1399993896,1.0748639130,0.89
763,AIR,49.0999984741,1.0724584239,0.89
764,E,30.4599990845,1.0725148628,0.89
765,UFCS,31.4400005341,1.0717698203,0.89
766,UG,20.3481998444,1.0702134843,0.89
767,FHTX,12.9399995804,1.0742060450,0.89
768,FIX,91.1850967407,1.0712120234,0.89
769,POST,81.8450012207,1.0737934072,0.89
770,DUK,113.5999984741,1.0712789784,0.89
771,HT,11.0200004578,1.0723597947,0.89
772,ATLCP,24.2150001526,1.0723529755,0.89
773,AMCR,13.1850004196,1.0749596659,0.89
774,GCP,31.0200004578,1.0729359177,0.89
775,PPL,30.3600006104,1.0719096527,0.89
776,BSBR,7.1100001335,1.0712047857,0.89
777,FRG,39.8800010681,1.0700707337,0.89
778,ACLS,62.5200004578,1.0756850926,0.89
779,MEOH,50.2700004578,1.0744644523,0.89
780,SREV,1.4600000381,1.0745762615,0.89
781,DOX,86.7099990845,1.0646425685,0.88
782,AVT,47.8199996948,1.0651563014,0.88
783,FAAR,34.5600013733,1.0661994842,0.88
784,NXDT,15.4884996414,1.0671182943,0.88
785,TEO,5.4899997711,1.0692673252,0.88
786,HSY,211.1250000000,1.0696318351,0.88
787,KLAC,370.3299865723,1.0669371610,0.88
788,PEP,170.3999938965,1.0662701434,0.88
789,TEF,5.2649998665,1.0675075041,0.88
790,TARK,23.8899993896,1.0660067890,0.88
791,EGRX,48.6800003052,1.0653367513,0.88
792,ECCC,24.3600006104,1.0647635728,0.88
793,PKBK,24.7299995422,1.0669686993,0.88
794,NOC,468.0000000000,1.0646757197,0.88
795,PM,106.4000015259,1.0659556732,0.88
796,DWAT,12.1990003586,1.0658202664,0.88
797,DTE,133.9700012207,1.0697909593,0.88
798,AGO,58.5900001526,1.0658904247,0.88
799,WM,159.6775970459,1.0680785864,0.88
800,DGX,143.9600067139,1.0646854232,0.88
801,WTM,1247.6550292969,1.0673300475,0.88
802,AMT,261.6700134277,1.0665677766,0.88
803,BSVN,25.0000000000,1.0677318242,0.88
804,HUN,36.4399986267,1.0666937829,0.88
805,KO,64.2200012207,1.0652450961,0.88
806,AN,120.5199966431,1.0688376048,0.88
807,CVLY,23.1800003052,1.0658044215,0.88
808,CVBF,24.8400001526,1.0695702020,0.88
809,MRAM,6.1599998474,1.0696795265,0.88
810,RIG,4.1599998474,1.0684533624,0.88
811,MPAC,10.1599998474,1.0690224945,0.88
812,MO,54.3250007629,1.0660097406,0.88
813,AQNU,46.7700004578,1.0690557131,0.88
814,KMI,19.8845996857,1.0698805499,0.88
815,MKL,1391.5975341797,1.0679388543,0.88
816,WPC,84.9000015259,1.0688555624,0.88
817,RUSHB,49.6599998474,1.0684217389,0.88
818,MIST,5.8899998665,1.0688959740,0.88
819,ARES,72.0100021362,1.0677194675,0.88
820,MGI,10.0100002289,1.0690540890,0.88
821,CHRW,107.3899993896,1.0649141510,0.88
822,MATX,89.1800003052,1.0650805944,0.88
823,ITRN,24.2672996521,1.0658414376,0.88
824,SLP,48.3499984741,1.0693012502,0.88
825,TRTN,64.2640991211,1.0696115424,0.88
826,LITTU,9.8000001907,1.0680337995,0.88
827,TRP,57.4749984741,1.0645912176,0.88
828,CERN,94.5749969482,1.0678765147,0.88
829,CDNS,154.7299957275,1.0671675971,0.88
830,AXS,58.4300003052,1.0684977779,0.88
831,SNPS,320.5299987793,1.0688090178,0.88
832,TITN,27.5000000000,1.0653063024,0.88
833,SOXQ,24.5687007904,1.0691065892,0.88
834,ASR,219.5099945068,1.0652802718,0.88
835,FICVU,9.7299995422,1.0693115729,0.88
836,BWFG,35.1100006104,1.0650632493,0.88
837,ATO,117.0400009155,1.0696699563,0.88
838,FBP,14.9899997711,1.0684193979,0.88
839,PAYX,123.5699996948,1.0683306266,0.88
840,FPL,6.4899997711,1.0631147746,0.87
841,BAOS,1.2799999714,1.0604557741,0.87
842,SDH,1.8701000214,1.0641202570,0.87
843,DPG,15.6149997711,1.0605018786,0.87
844,SELF,6.0000000000,1.0634315949,0.87
845,SMLP,19.3700008392,1.0623287302,0.87
846,TRC,17.1800003052,1.0629761419,0.87
847,CI,271.1000061035,1.0609924958,0.87
848,BBIGV,1.7599999905,1.0642760562,0.87
849,ZTAQU,9.8999996185,1.0625555749,0.87
850,AMRC,61.9900016785,1.0613127673,0.87
851,WULF,3.3250000477,1.0645749539,0.87
852,TUSK,2.2400000095,1.0633297998,0.87
853,HNP,18.9083003998,1.0642772836,0.87
854,FORR,51.9599990845,1.0629663116,0.87
855,BCML,23.0400009155,1.0644558879,0.87
856,WCC,124.7750015259,1.0629213089,0.87
857,XEL,75.9248962402,1.0617928389,0.87
858,IBA,47.3450012207,1.0595688736,0.87
859,CCI,192.7649993896,1.0620266684,0.87
860,LUMN,12.5100002289,1.0635364515,0.87
861,BKI,69.5000000000,1.0637884150,0.87
862,FLN,20.7299995422,1.0629609784,0.87
863,ESLT,194.2550048828,1.0609560430,0.87
864,IBM,138.9779052734,1.0623398498,0.87
865,PAA,11.5530004501,1.0625722171,0.87
866,GPC,137.8999938965,1.0643628998,0.87
867,D,84.7802963257,1.0590022495,0.87
868,AM,10.9250001907,1.0643831272,0.87
869,DALI,27.9295005798,1.0630472184,0.87
870,PUI,37.3750000000,1.0602557670,0.87
871,MT,32.8800010681,1.0603240152,0.87
872,OGS,88.0800018311,1.0638627411,0.87
873,MAR,172.6000061035,1.0627713255,0.87
874,MAQC,10.1850004196,1.0597508553,0.87
875,AMTB,29.0900001526,1.0634722305,0.87
876,MGEE,80.2949981689,1.0641302121,0.87
877,IRS,4.6599998474,1.0611531598,0.87
878,STZ,245.0899963379,1.0616159864,0.87
879,HPQ,38.4350013733,1.0633855547,0.87
880,MANT,95.4000015259,1.0642423553,0.87
881,GSK,43.9249992371,1.0617574298,0.87
882,GSL,22.0300006866,1.0626917960,0.87
883,SKT,17.5627002716,1.0615551317,0.87
884,USPH,113.2399978638,1.0639762697,0.87
885,MRC,11.3699998856,1.0634964422,0.87
886,MRBK,31.7000007629,1.0595919595,0.87
887,DFIN,31.7299995422,1.0624466738,0.87
888,CGBD,14.2700004578,1.0616703126,0.87
889,BFRI,2.9000000954,1.0601055917,0.87
890,SLDP,9.1000003815,1.0601144890,0.87
891,AVGO,577.9299926758,1.0645313500,0.87
892,RMBS,25.0949993134,1.0642558245,0.87
893,MOH,303.1149902344,1.0594244133,0.87
894,LIN,326.6149902344,1.0637472229,0.87
895,FORM,41.9949989319,1.0617351019,0.87
896,MYRG,92.2500000000,1.0614450232,0.87
897,EVGOW,2.2999999523,1.0641649857,0.87
898,SRV,34.5000000000,1.0633908485,0.87
899,UNTY,28.3799991608,1.0581885344,0.86
900,HBANM,24.4097995758,1.0561000935,0.86
901,BKEPP,8.5999002457,1.0563850306,0.86
902,MNTK,13.1999998093,1.0573239924,0.86
903,MNSB,25.1998996735,1.0571224753,0.86
904,ROL,36.6049995422,1.0559327523,0.86
905,ACTG,4.7699999809,1.0573918737,0.86
906,MMC,159.4499969482,1.0559785791,0.86
907,MLI,54.0699996948,1.0546544494,0.86
908,OFG,28.2399997711,1.0568824636,0.86
909,DNUT,14.6800003052,1.0568333572,0.86
910,VTRS,12.0850000381,1.0576621535,0.86
911,PCB,20.5699996948,1.0551936739,0.86
912,YPF,4.6050000191,1.0583238170,0.86
913,PRGS,48.2099990845,1.0556568954,0.86
914,EXR,180.4600067139,1.0577454839,0.86
915,CLS,10.7600002289,1.0545129518,0.86
916,OPHC,4.0205998421,1.0562811799,0.86
917,CLDX,27.0400009155,1.0576995434,0.86
918,ACNB,32.9749984741,1.0587985278,0.86
919,CLBK,20.6849994659,1.0563009247,0.86
920,DOW,68.4168014526,1.0589904303,0.86
921,MERC,14.9099998474,1.0571356633,0.86
922,WLKP,28.1303005219,1.0585635701,0.86
923,NVMI,109.3399963379,1.0572829964,0.86
924,DRE,53.6250000000,1.0554629627,0.86
925,MAT,24.5249996185,1.0564170149,0.86
926,XAIR,5.8200001717,1.0556961365,0.86
927,DXR,12.4099998474,1.0553088937,0.86
928,SLAB,153.2799987793,1.0562957444,0.86
929,NVT,35.6899986267,1.0545698875,0.86
930,OSBC,15.0050001144,1.0585211328,0.86
931,L,65.1399993896,1.0546864302,0.86
932,FE,43.4500007629,1.0566840581,0.86
933,LNT,63.3400001526,1.0576698002,0.86
934,PKG,158.5899963379,1.0564383118,0.86
935,PINC,38.0643997192,1.0575249877,0.86
936,LTC,38.4905014038,1.0554161349,0.86
937,TPTA,24.0100002289,1.0564463930,0.86
938,KT,15.0450000763,1.0570692650,0.86
939,ERII,20.0990009308,1.0577899778,0.86
940,FTS,49.9599990845,1.0582503784,0.86
941,CCMP,178.3699951172,1.0554612465,0.86
942,FTRI,15.9623003006,1.0575286852,0.86
943,CCB,39.1500015259,1.0559074971,0.86
944,AIZ,179.7299957275,1.0559936371,0.86
945,CWBC,13.7500000000,1.0553433786,0.86
946,QAT,22.9699993134,1.0559047145,0.86
947,GPRK,15.7600002289,1.0561298173,0.86
948,DBI,15.7600002289,1.0579298689,0.86
949,UTL,56.3400001526,1.0547152399,0.86
950,SPKAU,10.0000000000,1.0551672903,0.86
951,RDVT,24.1900005341,1.0563762461,0.86
952,K,69.3099975586,1.0551620165,0.86
953,RGA,125.5350036621,1.0569745626,0.86
954,THW,15.7131996155,1.0575857242,0.86
955,IDA,109.5599975586,1.0570568435,0.86
956,INTG,49.9994010925,1.0557364441,0.86
957,PCSB,19.8549995422,1.0555636599,0.86
958,GIC,34.5999984741,1.0575598299,0.86
959,PAGP,12.0850000381,1.0573967584,0.86
960,TEN,16.8199996948,1.0518719927,0.85
961,ACGL,47.1949996948,1.0542574727,0.85
962,AJG,164.2949981689,1.0532815460,0.85
963,AMGN,254.6799926758,1.0533564806,0.85
964,ATSG,31.2700004578,1.0541894762,0.85
965,AVAV,95.6250000000,1.0522581714,0.85
966,BBAR,3.1700000763,1.0518205105,0.85
967,BCX,10.7200002670,1.0519684102,0.85
968,BOOT,81.0100021362,1.0519790081,0.85
969,BOX,26.7900009155,1.0517934343,0.85
970,CHEF,35.7400016785,1.0540603309,0.85
971,CMTG,20.1599998474,1.0538624656,0.85
972,CNC,83.4000015259,1.0524134144,0.85
973,COCO,12.2650003433,1.0540535633,0.85
974,COOP,43.9249992371,1.0521844154,0.85
975,CPK,135.1900024414,1.0522702247,0.85
976,ESOA,2.4600000381,1.0515994192,0.85
977,EVEX,9.3649997711,1.0514173467,0.85
978,FFNW,16.6100006104,1.0540826267,0.85
979,FLO,27.3050003052,1.0509860802,0.85
980,FMIV,9.7700004578,1.0536772038,0.85
981,GAIN,15.1149997711,1.0526229009,0.85
982,GGAL,9.4549999237,1.0531254134,0.85
983,GIS,69.4850006104,1.0529535294,0.85
984,HR,28.7900009155,1.0528326824,0.85
985,HWBK,26.3999996185,1.0509704635,0.85
986,IONS,37.2900009155,1.0543539456,0.85
987,JBL,61.4099998474,1.0507036852,0.85
988,JNJ,179.4949951172,1.0517626755,0.85
989,KBR,49.5489997864,1.0524062415,0.85
990,KEQU,14.6599998474,1.0521662159,0.85
991,KIM,23.5450000763,1.0530179326,0.85
992,LKQ,51.7750015259,1.0530489854,0.85
993,LSAK,5.2550001144,1.0521873205,0.85
994,LSI,117.7099990845,1.0533642333,0.85
995,MCLD,2.7874000072,1.0517223338,0.85
996,MGU,25.6749992371,1.0513146616,0.85
997,MNDY,113.8249969482,1.0522062713,0.85
998,MODD,4.5367999077,1.0544455847,0.85
999,MPLX,32.4664001465,1.0516239508,0.85
1000,NEXA,9.1199998856,1.0533311552,0.85
1001,NJR,46.2323989868,1.0527510128,0.85
1002,NNI,84.3899993896,1.0513285304,0.85
1003,OPBK,12.2650003433,1.0518499616,0.85
1004,ORLY,647.5900268555,1.0541165453,0.85
1005,PEG,68.8000030518,1.0530933143,0.85
1006,PFG,72.2300033569,1.0527206490,0.85
1007,POWWP,27.0550003052,1.0537874889,0.85
1008,PPH,79.8600006104,1.0545002231,0.85
1009,RHP,87.9100036621,1.0530680673,0.85
1010,RYN,41.4500007629,1.0521700075,0.85
1011,SGMA,6.6546998024,1.0524961354,0.85
1012,SITC,16.0000000000,1.0534788836,0.85
1013,SNY,55.1699981689,1.0520016151,0.85
1014,SOHON,20.0459995270,1.0517458980,0.85
1015,STE,235.1900024414,1.0508325465,0.85
1016,SUN,41.8250007629,1.0536088998,0.85
1017,TRV,176.6399993896,1.0512662770,0.85
1018,TSLA,759.4299926758,1.0542000562,0.85
1019,TVTX,23.8600006104,1.0527292882,0.85
1020,VBLT,1.9299999475,1.0521483890,0.85
1021,WBT,23.6100006104,1.0538050034,0.85
1022,LMT,448.6900024414,1.0490313774,0.84
1023,IGF,51.3199996948,1.0477778957,0.84
1024,CDL,63.1199989319,1.0458650387,0.84
1025,EIG,42.2599983215,1.0500887293,0.84
1026,BWMN,15.1549997330,1.0471362174,0.84
1027,DVY,130.3000030518,1.0481292877,0.84
1028,NVS,91.1100006104,1.0502634033,0.84
1029,HIG,71.8799972534,1.0505301034,0.84
1030,CELH,69.3799972534,1.0484144550,0.84
1031,SNP,52.9399986267,1.0472849985,0.84
1032,CTAS,394.4599914551,1.0504636079,0.84
1033,AIG,58.4900016785,1.0484815127,0.84
1034,HTD,25.6798992157,1.0498677685,0.84
1035,WY,39.8849983215,1.0459753760,0.84
1036,DRQ,31.7150001526,1.0492819018,0.84
1037,ATCOL,25.8199996948,1.0492236398,0.84
1038,MTRN,82.9899978638,1.0485441460,0.84
1039,HTA,29.7500000000,1.0490277580,0.84
1040,NSSC,19.4650001526,1.0481482985,0.84
1041,DRH,10.2899999619,1.0470663208,0.84
1042,FRPH,61.9000015259,1.0478966319,0.84
1043,HSBC,33.5149993896,1.0471256345,0.84
1044,SQQQ,47.3800010681,1.0472395483,0.84
1045,AUY,5.1963000298,1.0488002989,0.84
1046,DO,7.9949998856,1.0482968503,0.84
1047,REG,69.0400009155,1.0501764359,0.84
1048,DNP,11.4177999496,1.0459057136,0.84
1049,RBA,59.7999992371,1.0482940717,0.84
1050,SMPL,40.8250007629,1.0491397116,0.84
1051,CIO,13.8199996948,1.0476423525,0.84
1052,QUAD,4.2899999619,1.0499351855,0.84
1053,QCRH,55.6800003052,1.0506405849,0.84
1054,PSA,334.7149963379,1.0505092408,0.84
1055,BDC,57.1899986267,1.0485811723,0.84
1056,SMMF,27.1900005341,1.0499236306,0.84
1057,GPI,181.2899932861,1.0488839666,0.84
1058,KRT,19.5499992371,1.0470392720,0.84
1059,CDC,71.9516983032,1.0460227597,0.84
1060,OBT,39.1500015259,1.0492371143,0.84
1061,MRVL,60.9550018311,1.0499184076,0.84
1062,MOV,36.1899986267,1.0492324240,0.84
1063,VMD,5.8249998093,1.0490302756,0.84
1064,KDNY,15.0500001907,1.0471478128,0.84
1065,FMC,123.7500000000,1.0501910457,0.84
1066,ALL,135.8899993896,1.0491448614,0.84
1067,SAR,26.7700004578,1.0461080279,0.84
1068,OPOF,25.2000007629,1.0466756017,0.84
1069,KBWP,84.6650009155,1.0503300800,0.84
1070,MXF,15.9682998657,1.0497193777,0.84
1071,AMD,100.9800033569,1.0480858525,0.84
1072,EYES,2.1349999905,1.0506705421,0.84
1073,CAH,57.7999992371,1.0493065156,0.84
1074,FHI,34.0600013733,1.0479029990,0.84
1075,ELS,77.2200012207,1.0463505775,0.84
1076,KFFB,7.2500000000,1.0458842188,0.84
1077,IDT,28.2000007629,1.0473769767,0.84
1078,WAB,93.7699966431,1.0490640184,0.84
1079,CAJ,25.6599998474,1.0503670683,0.84
1080,LKFN,72.9700012207,1.0492486249,0.84
1081,FTNT,297.3699951172,1.0475686929,0.84
1082,LLNW,3.6400001049,1.0498664513,0.84
1083,IOSP,103.5899963379,1.0492681722,0.84
1084,THG,147.4349975586,1.0486566114,0.84
1085,BANC,19.0611000061,1.0428695393,0.83
1086,FYBR,26.7399997711,1.0420307836,0.83
1087,GGMC,9.7700004578,1.0421475769,0.83
1088,SKY,54.2722015381,1.0453074145,0.83
1089,AIT,104.0299987793,1.0430879360,0.83
1090,GET,1.8500000238,1.0433227863,0.83
1091,GD,224.8899993896,1.0443004476,0.83
1092,SIRI,6.3949999809,1.0450972359,0.83
1093,SHBI,19.8999996185,1.0428784332,0.83
1094,CHSCP,31.7500000000,1.0435816259,0.83
1095,CIG,2.4749999046,1.0452530661,0.83
1096,STRA,66.4899978638,1.0433458398,0.83
1097,CINF,127.5199966431,1.0433889167,0.83
1098,BPOPM,27.4099998474,1.0423922218,0.83
1099,BRX,24.4950008392,1.0428795718,0.83
1100,BCH,20.5400009155,1.0424286571,0.83
1101,BCE,53.8349990845,1.0445678976,0.83
1102,TPZ,14.4799995422,1.0431884038,0.83
1103,SWKH,19.1774997711,1.0425683458,0.83
1104,SANM,43.9000015259,1.0448826550,0.83
1105,NSA,53.6225013733,1.0451147515,0.83
1106,KFS,5.3800001144,1.0434914541,0.83
1107,ICD,3.9100000858,1.0450312718,0.83
1108,CPB,47.9599990845,1.0430195197,0.83
1109,CRDO,10.4700002670,1.0425904477,0.83
1110,TSVT,12.2100000381,1.0457421658,0.83
1111,CSR,84.0000000000,1.0455261845,0.83
1112,YJ,1.1399999857,1.0435844366,0.83
1113,RFP,14.7650003433,1.0444563377,0.83
1114,ACBA,10.2700004578,1.0443776997,0.83
1115,JCSE,14.0597000122,1.0456262123,0.83
1116,JBT,122.7900009155,1.0437435028,0.83
1117,LVHD,39.6599998474,1.0443051659,0.83
1118,ASLE,14.1250000000,1.0449875657,0.83
1119,KLIC,53.4658012390,1.0426450999,0.83
1120,PTRS,9.1800003052,1.0429116410,0.83
1121,PEY,22.1550006866,1.0431997738,0.83
1122,MCAFU,10.0200004578,1.0444350970,0.83
1123,DORM,100.3600006104,1.0441081345,0.83
1124,PPSI,4.7100000381,1.0451317051,0.83
1125,ACTD,9.9099998474,1.0440426190,0.83
1126,CE,158.1250000000,1.0433815814,0.83
1127,POWL,26.4200000763,1.0425895637,0.83
1128,MGIC,17.3950004578,1.0453345790,0.83
1129,EBIX,29.2000007629,1.0446924926,0.83
1130,BKCC,4.0890002251,1.0430677383,0.83
1131,UVE,12.6250000000,1.0432524793,0.83
1132,ANET,104.9499969482,1.0421347430,0.83
1133,BIP,60.3471984863,1.0440230525,0.83
1134,MMP,51.0900001526,1.0435533791,0.83
1135,MMYT,29.2700004578,1.0423990200,0.83
1136,VICI,30.8250007629,1.0430410044,0.83
1137,CFFI,51.0000000000,1.0427682345,0.83
1138,LECO,134.7700042725,1.0436005836,0.83
1139,PANW,507.7200012207,1.0432915812,0.83
1140,OWLT,4.3400001526,1.0424211707,0.83
1141,ALPN,9.5600004196,1.0449612592,0.83
1142,CHCO,82.3600006104,1.0434341370,0.83
1143,ZETA,8.1020002365,1.0431751666,0.83
1144,OLP,27.5000000000,1.0437948897,0.83
1145,FSK,21.7749996185,1.0445760456,0.83
1146,MTB,179.2200012207,1.0453195302,0.83
1147,WGRO,20.0699996948,1.0455082892,0.83
1148,FUL,70.9400024414,1.0439887185,0.83
1149,OGN,38.3600006104,1.0410499583,0.82
1150,DXPE,30.4500007629,1.0385732750,0.82
1151,VRRM,15.9849996567,1.0390781018,0.82
1152,EE,27.7500000000,1.0417182123,0.82
1153,GRBK,24.1203002930,1.0394165147,0.82
1154,TTMI,14.3649997711,1.0398074549,0.82
1155,TSN,90.5100021362,1.0411314996,0.82
1156,COST,468.7300109863,1.0408870001,0.82
1157,INVH,38.4300003052,1.0384988614,0.82
1158,MRTN,17.5000000000,1.0399584482,0.82
1159,LHCG,166.5000000000,1.0401645483,0.82
1160,RTL,7.9200000763,1.0417065689,0.82
1161,GASS,2.7500000000,1.0390036952,0.82
1162,WAT,332.8299865723,1.0411228388,0.82
1163,AFBI,14.8999996185,1.0387887001,0.82
1164,LFUS,268.9400024414,1.0404103736,0.82
1165,HE,43.5299987793,1.0384933362,0.82
1166,O,69.2149963379,1.0417945780,0.82
1167,INGR,94.5899963379,1.0388524178,0.82
1168,MSI,222.2276000977,1.0383536201,0.82
1169,NIMC,118.6999969482,1.0398677024,0.82
1170,MYFW,32.0000000000,1.0387571986,0.82
1171,CNM,25.0090007782,1.0379597043,0.82
1172,TENB,52.4199981689,1.0399992008,0.82
1173,HCDIP,15.5106000900,1.0414637778,0.82
1174,FWAC,9.6999998093,1.0394455504,0.82
1175,FDS,384.9500122070,1.0383596251,0.82
1176,HAFC,23.4249992371,1.0385658192,0.82
1177,SALM,2.8800001144,1.0392422612,0.82
1178,FVCB,20.5499992371,1.0408994097,0.82
1179,SUPV,1.8999999762,1.0385375376,0.82
1180,FUND,8.6750001907,1.0409334922,0.82
1181,MTBCP,27.0000000000,1.0401198799,0.82
1182,SXT,87.0500030518,1.0409581052,0.82
1183,TMUS,134.0500030518,1.0415745350,0.82
1184,ORAN,12.4750003815,1.0378299669,0.82
1185,DDT,26.6144008636,1.0385829293,0.82
1186,VTR,57.3199996948,1.0394277675,0.82
1187,HNNA,9.9399995804,1.0418636557,0.82
1188,UBP,16.2399997711,1.0395748789,0.82
1189,SFBS,81.6200027466,1.0393835136,0.82
1190,WRE,24.5149993896,1.0401910840,0.82
1191,DNAA,9.8599996567,1.0411043713,0.82
1192,UAE,16.9349994659,1.0405413052,0.82
1193,DNAC,9.8599996567,1.0416172227,0.82
1194,RC,14.7449998856,1.0409548965,0.82
1195,X,26.3549995422,1.0405528059,0.82
1196,CTS,39.9599990845,1.0382123741,0.82
1197,NGG,74.0442962646,1.0393667750,0.82
1198,REXR,64.9899978638,1.0417871210,0.82
1199,INOD,6.0373001099,1.0413778527,0.82
1200,HLX,4.6100001335,1.0385345259,0.82
1201,HSIC,85.5699996948,1.0419963150,0.82
1202,IT,265.3800048828,1.0386415363,0.82
1203,AQUA,36.3400001526,1.0396991130,0.82
1204,GEG,2.2599999905,1.0381675625,0.82
1205,GILD,64.3499984741,1.0417821994,0.82
1206,GATX,106.4850006104,1.0382605613,0.82
1207,HUM,460.0000000000,1.0391285877,0.82
1208,UNVR,30.9300003052,1.0418158563,0.82
1209,TCBK,45.5400009155,1.0411935116,0.82
1210,PNW,78.7811965942,1.0391895344,0.82
1211,MFD,10.1799001694,1.0418406034,0.82
1212,TU,24.6450004578,1.0397402214,0.82
1213,LOMA,5.9299998283,1.0402436826,0.82
1214,ACQR,9.7700004578,1.0361888652,0.81
1215,TANNI,26.1450004578,1.0354449336,0.81
1216,SSRM,19.6749992371,1.0348965985,0.81
1217,BSAC,20.0000000000,1.0347262845,0.81
1218,JNPR,31.0000000000,1.0376371158,0.81
1219,ACRE,14.8649997711,1.0347563713,0.81
1220,HTZ,19.9750003815,1.0350775270,0.81
1221,J,138.4299926758,1.0369614495,0.81
1222,HMN,41.0699996948,1.0359812526,0.81
1223,MCD,250.8350067139,1.0372134582,0.81
1224,HLT,141.2500000000,1.0344237563,0.81
1225,MET,67.3550033569,1.0345352979,0.81
1226,ADC,69.2050018311,1.0347295321,0.81
1227,ADI,166.1699981689,1.0344220976,0.81
1228,HFRO,11.7898998260,1.0376582822,0.81
1229,HEP,18.9349994659,1.0369666326,0.81
1230,MLP,10.7500000000,1.0345420583,0.81
1231,MNDT,22.0599994659,1.0348520474,0.81
1232,AC,39.0050010681,1.0352217228,0.81
1233,HCKT,19.8799991608,1.0369086213,0.81
1234,GXII,9.7799997330,1.0362429347,0.81
1235,GVP,1.4900000095,1.0354492091,0.81
1236,WCN,127.9800033569,1.0363822376,0.81
1237,GAMC,9.7749996185,1.0351491422,0.81
1238,ABM,48.8699989319,1.0356423474,0.81
1239,G,44.4700012207,1.0369452453,0.81
1240,AB,43.1199989319,1.0342215624,0.81
1241,FUNC,21.5000000000,1.0374690646,0.81
1242,FTXH,26.8500003815,1.0366956759,0.81
1243,AJXA,25.5349998474,1.0363224903,0.81
1244,VSTO,38.8300018311,1.0343531517,0.81
1245,NYMTL,22.4400005341,1.0371286147,0.81
1246,ALF,1.1900000572,1.0351214657,0.81
1247,OCSL,7.0060000420,1.0369743298,0.81
1248,VRSK,178.7109985352,1.0345130152,0.81
1249,INBK,38.2000007629,1.0370089456,0.81
1250,VOYA,68.2549972534,1.0353183910,0.81
1251,AAQC,9.7600002289,1.0346475655,0.81
1252,OSG,2.2349998951,1.0343246900,0.81
1253,OTIC,2.0996000767,1.0350241497,0.81
1254,FFBW,12.3350000381,1.0377410185,0.81
1255,VLGEA,23.7350006104,1.0374234752,0.81
1256,OXM,91.1750030518,1.0343784652,0.81
1257,FCPT,27.6499996185,1.0350611179,0.81
1258,FC,38.5400009155,1.0362645916,0.81
1259,FBZ,13.2899999619,1.0370458462,0.81
1260,FA,14.7500000000,1.0361774483,0.81
1261,EQRR,54.2500000000,1.0367723210,0.81
1262,EQBK,32.6399993896,1.0370285205,0.81
1263,KW,21.1499996185,1.0364774933,0.81
1264,PID,18.9500007629,1.0358573009,0.81
1265,DWSH,9.3999996185,1.0372173785,0.81
1266,APOG,42.3699989319,1.0352330715,0.81
1267,DNAD,9.6829996109,1.0375256539,0.81
1268,DNAB,9.6800003052,1.0366421332,0.81
1269,UGI,42.4000015259,1.0349963093,0.81
1270,PSTG,24.2700004578,1.0361238821,0.81
1271,DDIV,33.4900016785,1.0358482979,0.81
1272,RUSHA,51.4000015259,1.0366771849,0.81
1273,LADR,11.6000003815,1.0351391286,0.81
1274,SAL,52.7500000000,1.0369852621,0.81
1275,TR,32.9300003052,1.0356319342,0.81
1276,SAVA,26.8850002289,1.0364152056,0.81
1277,SCVL,29.1000003815,1.0348426299,0.81
1278,SHO,11.8800001144,1.0347810477,0.81
1279,TILE,14.5600004196,1.0367922820,0.81
1280,TGNA,21.8899993896,1.0356217391,0.81
1281,TGH,32.3800010681,1.0374931804,0.81
1282,SLGN,44.2200012207,1.0358433781,0.81
1283,CFBK,21.1049995422,1.0377239683,0.81
1284,SOHOB,18.2999992371,1.0354498268,0.81
1285,KEX,67.7799987793,1.0316935372,0.80
1286,NEU,337.2349853516,1.0327548774,0.80
1287,GWW,486.9400024414,1.0323111736,0.80
1288,SMBK,25.8483009338,1.0332604901,0.80
1289,RWT,10.2200002670,1.0316869861,0.80
1290,H,87.8399963379,1.0324050199,0.80
1291,PDOT,9.7799997330,1.0317975258,0.80
1292,FTAG,32.1899986267,1.0319492469,0.80
1293,HLI,85.1849975586,1.0326252686,0.80
1294,RNR,154.0000000000,1.0318118641,0.80
1295,VVV,33.1399993896,1.0330986678,0.80
1296,MAA,183.8899993896,1.0321461062,0.80
1297,RBCAA,45.4399986267,1.0319804674,0.80
1298,SIG,59.8899993896,1.0338440858,0.80
1299,DISA,9.7550001144,1.0329541272,0.80
1300,TRNS,64.6500015259,1.0318935364,0.80
1301,IGA,9.5799999237,1.0330778393,0.80
1302,CECE,6.3800001144,1.0324265947,0.80
1303,NVDA,187.4100952148,1.0334385583,0.80
1304,SEE,63.1699981689,1.0340048863,0.80
1305,PDCO,31.5599994659,1.0319771738,0.80
1306,NWN,54.2000007629,1.0316476117,0.80
1307,GPP,12.6400003433,1.0333782177,0.80
1308,LEGA,9.7700004578,1.0336505831,0.80
1309,ASAI,16.7000007629,1.0323221255,0.80
1310,KAHC,9.7700004578,1.0328201181,0.80
1311,FAST,53.7690010071,1.0340509620,0.80
1312,NXST,175.5399932861,1.0337985971,0.80
1313,STM,39.9199981689,1.0334239915,0.80
1314,VGR,12.3450002670,1.0332882105,0.80
1315,SGA,22.4801006317,1.0334523323,0.80
1316,NWG,5.8200001717,1.0322536059,0.80
1317,DVLU,25.8129997253,1.0334575995,0.80
1318,RE,282.1099853516,1.0331363085,0.80
1319,TWLV,9.7700004578,1.0322771212,0.80
1320,PNNT,7.0699000359,1.0341924895,0.80
1321,SOHOO,18.2600002289,1.0322462581,0.80
1322,III,6.5399999619,1.0337106795,0.80
1323,RPM,90.1999969482,1.0332436513,0.80
1324,FVIV,9.7700004578,1.0315520371,0.80
1325,JSM,23.9500007629,1.0324626625,0.80
1326,OFC,27.4699993134,1.0335750515,0.80
1327,FV,49.0099983215,1.0325108674,0.80
1328,AGTI,19.3871002197,1.0334567364,0.80
1329,KAI,187.1799926758,1.0315587108,0.80
1330,RRBI,51.7999992371,1.0331708149,0.80
1331,HIE,10.7449998856,1.0323028359,0.80
1332,NTES,103.9800033569,1.0332882736,0.80
1333,PYS,20.6200008392,1.0321122895,0.80
1334,FZT,9.7600002289,1.0328684621,0.80
1335,MSDA,9.7700004578,1.0328878786,0.80
1336,VRNT,50.9199981689,1.0330181176,0.80
1337,NMM,30.9500007629,1.0336260528,0.80
1338,MRCC,10.1049995422,1.0318854789,0.80
1339,MBCN,24.5599994659,1.0315281932,0.80
1340,CNNB,14.3000001907,1.0339020296,0.80
1341,GAPA,9.9600000381,1.0339291397,0.80
1342,PL,6.7810997963,1.0320551306,0.80
1343,NVOS,2.0250000954,1.0329577290,0.80
1344,RSVRW,1.5900000334,1.0341136823,0.80
1345,OPNT,14.5050001144,1.0337579046,0.80
1346,INVA,15.4799995422,1.0331533120,0.80
1347,UTMD,84.5999984741,1.0327672643,0.80
1348,LGV,9.7700004578,1.0317049607,0.80
1349,CVS,97.2860031128,1.0328419735,0.80
1350,INDB,83.0000000000,1.0315551004,0.80
1351,SCHL,37.8050003052,1.0341948571,0.80
1352,PTOC,9.7600002289,1.0281910159,0.79
1353,AAPL,148.2602996826,1.0311707987,0.79
1354,IBN,19.2900009155,1.0306043859,0.79
1355,ALEX,20.6499996185,1.0306987634,0.79
1356,CW,144.6900024414,1.0287402353,0.79
1357,NREF,24.5750007629,1.0302441939,0.79
1358,JEPQ,48.9799995422,1.0296028086,0.79
1359,HROWL,25.1000003815,1.0309917772,0.79
1360,AUPH,11.8400001526,1.0298402475,0.79
1361,RELX,28.9330005646,1.0305085122,0.79
1362,SPB,90.2699966431,1.0296476813,0.79
1363,FXNC,20.2299995422,1.0287488434,0.79
1364,FNLC,29.8099994659,1.0284127909,0.79
1365,GSBC,59.0400009155,1.0301768707,0.79
1366,OHPA,9.7700004578,1.0282625926,0.79
1367,BIOX,14.5299997330,1.0302972899,0.79
1368,NMFC,13.0900001526,1.0295323702,0.79
1369,CHMG,44.7052001953,1.0296274687,0.79
1370,GTPA,9.7700004578,1.0293661273,0.79
1371,GCO,58.4599990845,1.0313928217,0.79
1372,VMW,129.8000030518,1.0290961747,0.79
1373,ALC,74.6999969482,1.0296852455,0.79
1374,FTA,70.1510009766,1.0296149296,0.79
1375,OXLCM,25.2898998260,1.0284557278,0.79
1376,NEM,68.1500015259,1.0305970016,0.79
1377,OXSQL,25.2000007629,1.0285403257,0.79
1378,CCBG,26.9200000763,1.0305552236,0.79
1379,FCRX,24.7005996704,1.0288925934,0.79
1380,CASY,209.4499969482,1.0311636988,0.79
1381,AFL,60.2050018311,1.0311002583,0.79
1382,CHSCO,27.9249992371,1.0283934142,0.79
1383,VGII,9.9434995651,1.0290595952,0.79
1384,EVC,5.0650000572,1.0311283934,0.79
1385,BMRN,80.6350021362,1.0283452880,0.79
1386,SES,6.8449997902,1.0304276968,0.79
1387,NSS,24.8899993896,1.0296976307,0.79
1388,BNTX,166.0599975586,1.0304246945,0.79
1389,BDX,255.1549987793,1.0298057984,0.79
1390,SCM,12.8999996185,1.0296670772,0.79
1391,EPR,50.5800018311,1.0307696981,0.79
1392,CLAA,9.7849998474,1.0289556878,0.79
1393,ACM,70.8249969482,1.0285194605,0.79
1394,FRXB,9.7700004578,1.0281467710,0.79
1395,BRK-B,315.4100036621,1.0283130538,0.79
1396,PIPR,129.2649993896,1.0282744496,0.79
1397,AOMR,15.3500003815,1.0281798439,0.79
1398,DYNS,9.9399995804,1.0308948074,0.79
1399,GPRE,32.7700004578,1.0297519324,0.79
1400,FRSG,9.7650003433,1.0305264419,0.79
1401,PLPC,62.8750000000,1.0288201811,0.79
1402,FTXG,26.8400001526,1.0300696095,0.79
1403,SSIC,10.5000000000,1.0282027765,0.79
1404,BAP,143.9100036621,1.0298919795,0.79
1405,SNEX,74.2300033569,1.0303889850,0.79
1406,FRON,9.7749996185,1.0301079823,0.79
1407,CNS,76.4499969482,1.0285065676,0.79
1408,KMB,132.7599945068,1.0309766876,0.79
1409,CAT,215.7700042725,1.0299223907,0.79
1410,ARRW,9.8199996948,1.0282561116,0.79
1411,BAH,86.4950027466,1.0283483048,0.79
1412,PSCM,68.7370986938,1.0286015961,0.79
1413,ROIC,18.3500003815,1.0315191811,0.79
1414,TAP,54.8199996948,1.0302224201,0.79
1415,PERI,19.5100002289,1.0298678533,0.79
1416,PSN,39.0349998474,1.0310964659,0.79
1417,DMAT,23.5900001526,1.0314760743,0.79
1418,VSMV,39.7939987183,1.0314289903,0.79
1419,BPRN,29.8600006104,1.0259176486,0.78
1420,CPT,144.7599945068,1.0266041085,0.78
1421,FRW,9.7700004578,1.0264115393,0.78
1422,RILYO,25.2500000000,1.0269633917,0.78
1423,FRT,115.7300033569,1.0264297259,0.78
1424,MGRC,82.4100036621,1.0254903088,0.78
1425,NHI,58.9900016785,1.0266884274,0.78
1426,BAK,18.1450004578,1.0268200226,0.78
1427,SP,32.0699996948,1.0268198521,0.78
1428,CZNC,24.1200008392,1.0270578543,0.78
1429,KBWY,23.5100002289,1.0270684744,0.78
1430,FUSB,10.9700002670,1.0273175643,0.78
1431,MBTC,10.1599998474,1.0268525149,0.78
1432,NWE,62.3699989319,1.0268740792,0.78
1433,HMNF,23.1800003052,1.0264601457,0.78
1434,APLE,16.8050003052,1.0266494102,0.78
1435,PLYA,8.4350004196,1.0269754868,0.78
1436,WDC,61.6399993896,1.0255673419,0.78
1437,ACI,30.4899997711,1.0262676805,0.78
1438,HRL,48.4000015259,1.0267700608,0.78
1439,TBC,25.8834991455,1.0256300203,0.78
1440,BXMX,13.7500000000,1.0278913200,0.78
1441,DHIL,179.0200042725,1.0257312314,0.78
1442,GJS,21.7000007629,1.0267435778,0.78
1443,AUVIP,25.0000000000,1.0260792260,0.78
1444,CUBE,45.4850006104,1.0273395623,0.78
1445,BHR,5.8150000572,1.0271005114,0.78
1446,RCI,51.5000000000,1.0271413140,0.78
1447,IUS,38.9399986267,1.0275584792,0.78
1448,CRGY,17.6749992371,1.0271861337,0.78
1449,IX,96.0322036743,1.0267145988,0.78
1450,RXRA,9.7600002289,1.0258765889,0.78
1451,SGEN,140.9499969482,1.0268498284,0.78
1452,IPVI,9.7749996185,1.0276815933,0.78
1453,AHH,13.8915996552,1.0261655048,0.78
1454,PBH,56.3250007629,1.0278534884,0.78
1455,MSM,84.7590026855,1.0252239125,0.78
1456,PCH,55.6800003052,1.0259009454,0.78
1457,KNOP,17.0849990845,1.0252252191,0.78
1458,IPVA,9.7899999619,1.0278117264,0.78
1459,IMCV,67.1600036621,1.0254252349,0.78
1460,LOPE,89.5500030518,1.0276196721,0.78
1461,BXMT,31.2350006104,1.0262708727,0.78
1462,TANNZ,25.6200008392,1.0280930921,0.78
1463,FCBC,28.6800003052,1.0270902330,0.78
1464,IGD,5.9003000259,1.0255613016,0.78
1465,MOFG,30.4050006866,1.0261859057,0.78
1466,MDIV,16.6893005371,1.0259171732,0.78
1467,SEATW,2.2449998856,1.0262221060,0.78
1468,SOLN,56.4208984375,1.0262474165,0.78
1469,MAQCU,10.2399997711,1.0254668159,0.78
1470,FRBA,14.0649995804,1.0255797633,0.78
1471,VSDA,44.8199996948,1.0252441675,0.78
1472,PY,43.4799995422,1.0253295030,0.78
1473,CACI,282.4150085449,1.0260571334,0.78
1474,FTHI,21.9200000763,1.0268153208,0.78
1475,ANDE,37.1399993896,1.0264283477,0.78
1476,STWD,23.8069992065,1.0253145738,0.78
1477,DOOO,78.9599990845,1.0272523588,0.78
1478,NXGN,18.4899997711,1.0256803055,0.78
1479,BRSP,8.8699998856,1.0263075388,0.78
1480,HERA,9.7799997330,1.0278247022,0.78
1481,TPG,29.8400001526,1.0261683404,0.78
1482,PG,147.3659973145,1.0267431734,0.78
1483,CLPR,8.6998996735,1.0267897298,0.78
1484,CCNE,24.8199996948,1.0280236455,0.78
1485,WFG,90.9100036621,1.0257109716,0.78
1486,MCB,75.9400024414,1.0269321243,0.78
1487,DX,16.5750007629,1.0233557469,0.77
1488,BHP,70.7900009155,1.0230290377,0.77
1489,VRPX,1.4199999571,1.0248513995,0.77
1490,TCFC,37.7500000000,1.0241005858,0.77
1491,GVA,33.2500000000,1.0240056027,0.77
1492,FFIC,22.8500003815,1.0232491972,0.77
1493,MORN,260.2600097656,1.0246325306,0.77
1494,FENC,5.9200000763,1.0247340921,0.77
1495,ABTX,40.3600006104,1.0231654595,0.77
1496,AMH,38.1699981689,1.0228403220,0.77
1497,SMTC,64.7149963379,1.0240448168,0.77
1498,PDLB,9.4278001785,1.0236803364,0.77
1499,KSI,9.7700004578,1.0250535059,0.77
1500,PFM,37.1800003052,1.0231984316,0.77
1501,EFAS,15.4499998093,1.0227608455,0.77
1502,ANIX,3.3457000256,1.0233471766,0.77
1503,EDAP,7.0500001907,1.0249283557,0.77
1504,EA,138.8099975586,1.0249200661,0.77
1505,AON,278.0100097656,1.0250337731,0.77
1506,UTF,27.5524997711,1.0234710339,0.77
1507,APH,71.5999984741,1.0237674471,0.77
1508,PNM,47.2999992371,1.0231489722,0.77
1509,HII,211.6600036621,1.0234432636,0.77
1510,USDP,6.1399998665,1.0238544065,0.77
1511,HLMN,11.5749998093,1.0238990383,0.77
1512,WPCA,9.8100004196,1.0234008919,0.77
1513,PRGO,40.1199989319,1.0249623456,0.77
1514,ARCC,19.8250007629,1.0228416809,0.77
1515,DLR,140.4770050049,1.0240476130,0.77
1516,UE,18.6800003052,1.0249401451,0.77
1517,DHR,263.4150085449,1.0228609204,0.77
1518,DGRW,61.5800018311,1.0250647442,0.77
1519,UBOH,32.0600013733,1.0242231971,0.77
1520,UBCP,16.2000007629,1.0244035313,0.77
1521,CWST,72.1549987793,1.0245539702,0.77
1522,PYZ,91.9299011230,1.0237553235,0.77
1523,RAIL,4.6599998474,1.0230645625,0.77
1524,AURC,9.8249998093,1.0241128845,0.77
1525,LVRA,9.7749996185,1.0241168413,0.77
1526,ISTR,21.4599990845,1.0234544761,0.77
1527,HXL,58.1399993896,1.0241372310,0.77
1528,TTEK,135.0000000000,1.0227468207,0.77
1529,HZNP,94.0449981689,1.0239527052,0.77
1530,RMCF,6.8299999237,1.0233010252,0.77
1531,CPSI,32.1250000000,1.0232365341,0.77
1532,BAMR,49.8300018311,1.0229968677,0.77
1533,KFRC,63.7599983215,1.0234409880,0.77
1534,BANR,58.5950012207,1.0249908725,0.77
1535,CNA,45.7000007629,1.0234771437,0.77
1536,BBD,4.2649998665,1.0230196436,0.77
1537,SYNA,147.7899932861,1.0228166317,0.77
1538,BECN,60.6599998474,1.0231309608,0.77
1539,TIPT,10.9300003052,1.0227960834,0.77
1540,CHT,42.5800018311,1.0250802183,0.77
1541,A,130.1399993896,1.0237292321,0.77
1542,SGU,9.8100004196,1.0241933072,0.77
1543,BFC,71.2799987793,1.0234411752,0.77
1544,BGSF,12.8800001144,1.0239637135,0.77
1545,ACN,302.4899902344,1.0250166851,0.77
1546,VTYX,18.8999996185,1.0248999629,0.77
1547,GEF,59.3800010681,1.0243128400,0.77
1548,WABC,60.5099983215,1.0241049966,0.77
1549,ZTR,9.2100000381,1.0238516506,0.77
1550,WBX,10.6400003433,1.0230650621,0.77
1551,CHE,496.0000000000,1.0251978824,0.77
1552,NNN,44.2500000000,1.0234609318,0.77
1553,FVC,36.8199996948,1.0246228441,0.77
1554,WETF,6.0450000763,1.0246491833,0.77
1555,CDW,169.7100067139,1.0199538232,0.76
1556,WPCB,9.7700004578,1.0223710058,0.76
1557,SNFCA,9.1400003433,1.0204547181,0.76
1558,BKNG,2249.1398925781,1.0217874009,0.76
1559,AGNCN,24.4699993134,1.0212378664,0.76
1560,AMAO,10.0799999237,1.0211428651,0.76
1561,IRWD,11.2100000381,1.0206982808,0.76
1562,VLATU,9.7600002289,1.0198358673,0.76
1563,BBDC,10.5000000000,1.0220273649,0.76
1564,BRO,59.4049987793,1.0204236123,0.76
1565,SHW,273.4700012207,1.0218686317,0.76
1566,OXSQZ,24.7999992371,1.0199046404,0.76
1567,MKC,92.4649963379,1.0208638598,0.76
1568,MBINP,26.0499992371,1.0204662571,0.76
1569,WH,80.0400009155,1.0218982747,0.76
1570,ELSE,4.9549999237,1.0210024261,0.76
1571,KREF,20.5200004578,1.0223283984,0.76
1572,INCR,6.8000001907,1.0208219985,0.76
1573,GGPI,10.2812995911,1.0222832319,0.76
1574,XPOF,17.9650001526,1.0197674115,0.76
1575,CALB,20.6499996185,1.0208965973,0.76
1576,SCD,13.8822002411,1.0224309715,0.76
1577,POWI,85.0500030518,1.0224257859,0.76
1578,NRUC,25.3957996368,1.0198507664,0.76
1579,ORRF,24.4699993134,1.0201911817,0.76
1580,RYAN,38.0800018311,1.0197029824,0.76
1581,UNIT,11.5450000763,1.0216710954,0.76
1582,LDHA,9.7849998474,1.0205333339,0.76
1583,TEAF,14.7075996399,1.0196829505,0.76
1584,PEBK,26.1599998474,1.0197232830,0.76
1585,USEG,4.0749998093,1.0203632907,0.76
1586,VTOL,31.3724994659,1.0212450605,0.76
1587,BY,24.7999992371,1.0216960524,0.76
1588,COHR,267.3900146484,1.0211433358,0.76
1589,FLGC,1.0199999809,1.0215809268,0.76
1590,TRI,98.7200012207,1.0206408216,0.76
1591,CTLT,103.6200027466,1.0196445303,0.76
1592,ATAX,18.3850002289,1.0201834892,0.76
1593,CVLG,21.8299999237,1.0203165311,0.76
1594,REVH,9.7600002289,1.0205333530,0.76
1595,NKTX,13.4899997711,1.0202018150,0.76
1596,RBCN,9.4000997543,1.0214102521,0.76
1597,TXN,178.3000030518,1.0197303266,0.76
1598,AMP,276.2300109863,1.0208585477,0.76
1599,TK,3.4449999332,1.0202321707,0.76
1600,HWM,35.5699996948,1.0223090126,0.76
1601,SZC,44.2750015259,1.0224774720,0.76
1602,WTFC,87.1800003052,1.0211006095,0.76
1603,CNFRL,23.7500000000,1.0198128266,0.76
1604,PXSAP,18.4913005829,1.0225515380,0.76
1605,LCA,9.7700004578,1.0210499822,0.76
1606,MCBC,9.2200002670,1.0219876139,0.76
1607,WTS,130.1000061035,1.0202991630,0.76
1608,FR,53.5499992371,1.0203210057,0.76
1609,ROSS,9.7799997330,1.0211695057,0.76
1610,DTOC,9.7849998474,1.0205169082,0.76
1611,NMS,15.3400001526,1.0199595630,0.76
1612,AMN,95.9400024414,1.0221540818,0.76
1613,CRAI,84.6600036621,1.0216663634,0.76
1614,SPSC,108.3600006104,1.0210106485,0.76
1615,HOVNP,19.9500007629,1.0217424054,0.76
1616,ACT,24.4500007629,1.0211537673,0.76
1617,DIAX,16.2500000000,1.0197449919,0.76
1618,SSTI,31.0550003052,1.0209261426,0.76
1619,TCPC,13.7100000381,1.0205034641,0.76
1620,TD,75.2350006104,1.0206731077,0.76
1621,FSFG,24.7649993896,1.0211337172,0.76
1622,VIASP,24.9300003052,1.0212587509,0.76
1623,SQLV,37.0699996948,1.0198612251,0.76
1624,PSEC,7.7523999214,1.0173938221,0.75
1625,PRS,26.0065002441,1.0174537056,0.75
1626,MDLZ,63.3549995422,1.0175579287,0.75
1627,JOE,50.8300018311,1.0193602037,0.75
1628,RTX,95.9619979858,1.0176076560,0.75
1629,SPKB,9.7700004578,1.0195974561,0.75
1630,POR,48.5999984741,1.0175619293,0.75
1631,RZA,25.3299999237,1.0174848216,0.75
1632,NOK,5.1199998856,1.0184056508,0.75
1633,TBB,25.1499996185,1.0196134874,0.75
1634,HIFS,320.0000000000,1.0187909969,0.75
1635,WD,108.5049972534,1.0191945612,0.75
1636,USMC,39.7900009155,1.0187615877,0.75
1637,WOOD,89.8000030518,1.0184616274,0.75
1638,HGTY,11.1091003418,1.0186510184,0.75
1639,CMG,1394.4300537109,1.0177214329,0.75
1640,VABK,32.4000015259,1.0181414970,0.75
1641,HEI,144.1499938965,1.0195626711,0.75
1642,VALE,18.0100002289,1.0196392391,0.75
1643,FORTY,94.0000000000,1.0191279097,0.75
1644,BKE,33.0299987793,1.0183473286,0.75
1645,BDJ,9.5885000229,1.0191150831,0.75
1646,AAP,194.3699951172,1.0187302997,0.75
1647,IMOS,33.3699989319,1.0181597217,0.75
1648,SYY,83.8700027466,1.0188403231,0.75
1649,NPO,97.9899978638,1.0186333736,0.75
1650,CID,32.5979003906,1.0186165634,0.75
1651,LAND,25.9950008392,1.0184486064,0.75
1652,ETB,15.6300001144,1.0178920652,0.75
1653,AMNB,35.7500000000,1.0187614362,0.75
1654,BMO,106.3399963379,1.0176692903,0.75
1655,EXPO,91.0100021362,1.0192653935,0.75
1656,MMI,41.8100013733,1.0189372977,0.75
1657,KRG,21.0550003052,1.0193721344,0.75
1658,FAB,73.5800018311,1.0188757459,0.75
1659,WDI,14.9601001740,1.0194644851,0.75
1660,FBRT,15.9200000763,1.0176095012,0.75
1661,CCEP,53.7099990845,1.0180879771,0.75
1662,AGR,48.0200004578,1.0176695435,0.75
1663,FT,7.7498002052,1.0177538561,0.75
1664,BMRC,33.1199989319,1.0182174664,0.75
1665,CHNG,23.7849998474,1.0176450460,0.75
1666,BHF,49.2550010681,1.0183953892,0.75
1667,TANNL,25.3999996185,1.0190370513,0.75
1668,CEQP,29.3700008392,1.0185123884,0.75
1669,NWFL,26.3199996948,1.0182122086,0.75
1670,NEE,76.3799972534,1.0187847102,0.75
1671,WINA,196.0000000000,1.0180213262,0.75
1672,NGC,9.7500000000,1.0178131929,0.75
1673,NDAC,9.7749996185,1.0191492762,0.75
1674,WALD,9.8400001526,1.0180925762,0.75
1675,VONV,70.4599990845,1.0174483660,0.75
1676,GMS,50.0750007629,1.0195775508,0.75
1677,CHH,129.1199951172,1.0189258458,0.75
1678,IP,48.9599990845,1.0178376667,0.75
1679,IUSV,73.4150009155,1.0191259183,0.75
1680,GAB,6.8161001205,1.0194776241,0.75
1681,ASET,33.6400985718,1.0181560442,0.75
1682,MCG,9.1028003693,1.0178659117,0.75
1683,HPF,18.9218006134,1.0174466816,0.75
1684,VPCB,9.7849998474,1.0192005719,0.75
1685,AVXL,9.7100000381,1.0192055171,0.75
1686,WHLM,4.6258997917,1.0195329293,0.75
1687,PWUP,9.9499998093,1.0184952247,0.75
1688,IBBQ,18.9799995422,1.0181242580,0.75
1689,LITE,87.1100006104,1.0178742612,0.75
1690,VBFC,52.0000000000,1.0156317640,0.74
1691,INCY,76.2399978638,1.0160794261,0.74
1692,LDOS,104.4000015259,1.0158834784,0.74
1693,LFG,19.9200000763,1.0154012823,0.74
1694,IEP,51.8600006104,1.0163552173,0.74
1695,LOKM,9.7799997330,1.0158979438,0.74
1696,LQDA,4.0929999352,1.0171174287,0.74
1697,HRI,119.3750000000,1.0162397665,0.74
1698,HPE,15.8549995422,1.0159470563,0.74
1699,MC,46.2900009155,1.0170402356,0.74
1700,HFWA,26.1949996948,1.0162860376,0.74
1701,HFBL,19.0000000000,1.0162512114,0.74
1702,HD,305.3800048828,1.0164522865,0.74
1703,GTY,27.9699993134,1.0154354250,0.74
1704,GTPB,9.7650003433,1.0158476220,0.74
1705,MSFT,270.9200134277,1.0173353953,0.74
1706,GPJA,24.9150009155,1.0162857165,0.74
1707,GCV,5.9015002251,1.0165798179,0.74
1708,FSBC,26.2500000000,1.0169119864,0.74
1709,NXPI,195.8699951172,1.0154529639,0.74
1710,OCC,3.8199999332,1.0172100769,0.74
1711,FNKO,20.3299999237,1.0159267689,0.74
1712,FNK,45.7599983215,1.0170052823,0.74
1713,FNCB,7.8000001907,1.0168193152,0.74
1714,OTLK,1.6900000572,1.0162116146,0.74
1715,OXLC,6.6900000572,1.0162367881,0.74
1716,EQC,27.2900009155,1.0168925061,0.74
1717,PEB,22.2049999237,1.0170104916,0.74
1718,ENTX,2.2699999809,1.0167550585,0.74
1719,PMT,16.1900005341,1.0160232129,0.74
1720,CTBB,24.2399997711,1.0158526567,0.74
1721,RJF,98.0500030518,1.0173664117,0.74
1722,RQI,14.9946002960,1.0161562439,0.74
1723,CNI,113.6800003052,1.0164259264,0.74
1724,CHX,23.2250003815,1.0173525773,0.74
1725,SFM,26.5650005341,1.0156371223,0.74
1726,SGH,24.9349994659,1.0156426931,0.74
1727,CHSCN,26.6002006531,1.0164854881,0.74
1728,SHG,34.5570983887,1.0168152294,0.74
1729,CHSCM,26.3843994141,1.0170953456,0.74
1730,SHLX,14.2550001144,1.0160221540,0.74
1731,SJIV,69.4100036621,1.0168740097,0.74
1732,CBTX,28.2999992371,1.0154137133,0.74
1733,CATC,83.9150009155,1.0173224991,0.74
1734,SSBI,15.6400003433,1.0169516719,0.74
1735,BSKYU,9.7899999619,1.0161656112,0.74
1736,BHFAL,25.3999996185,1.0157759344,0.74
1737,THFF,44.5750007629,1.0162958820,0.74
1738,AWK,150.8699951172,1.0155702505,0.74
1739,TUR,20.5699996948,1.0154743268,0.74
1740,UBA,17.7250003815,1.0164981569,0.74
1741,UBSI,37.2599983215,1.0162187253,0.74
1742,AQNA,26.2900009155,1.0170569410,0.74
1743,APO,59.4199981689,1.0173729398,0.74
1744,ANIP,31.1000003815,1.0169118592,0.74
1745,VICR,69.1100006104,1.0163627742,0.74
1746,ALX,245.9100036621,1.0172509467,0.74
1747,VR,23.5200004578,1.0165871139,0.74
1748,VTIP,51.0460014343,1.0168737062,0.74
1749,AIC,24.8817005157,1.0166797471,0.74
1750,AGM,104.7300033569,1.0157005713,0.74
1751,ISDX,29.6299991608,1.0153471060,0.74
1752,DUKB,25.6450004578,1.0142639743,0.73
1753,STRL,24.7999992371,1.0147553098,0.73
1754,AYI,177.0500030518,1.0138339146,0.73
1755,HPS,17.3901004791,1.0133743088,0.73
1756,TSCO,191.2500000000,1.0149218569,0.73
1757,IFF,132.3699951172,1.0148270642,0.73
1758,RNDV,29.9922008514,1.0143807418,0.73
1759,PSMT,78.1999969482,1.0144029144,0.73
1760,DCPH,11.1999998093,1.0137454330,0.73
1761,IVEG,23.7150001526,1.0146788625,0.73
1762,MAS,57.5699996948,1.0139052198,0.73
1763,CVET,20.7500000000,1.0153235120,0.73
1764,RDCM,10.9099998474,1.0152472417,0.73
1765,CTDD,24.4789009094,1.0133353345,0.73
1766,TECTP,10.3500003815,1.0153055313,0.73
1767,CTBI,41.8250007629,1.0151480801,0.73
1768,RIO,72.7600021362,1.0130043501,0.73
1769,AVID,29.4249992371,1.0143851955,0.73
1770,AVA,43.9599990845,1.0140704484,0.73
1771,BRC,49.5699996948,1.0147135636,0.73
1772,HORI,9.8599996567,1.0138458239,0.73
1773,SSBK,23.0249996185,1.0129385322,0.73
1774,MBWM,32.3400001526,1.0134246490,0.73
1775,TEVA,9.0349998474,1.0144480631,0.73
1776,WNEB,8.4899997711,1.0150386431,0.73
1777,WMPN,11.6981000900,1.0153388343,0.73
1778,MNST,88.9000015259,1.0147415848,0.73
1779,CHD,89.7500000000,1.0133022440,0.73
1780,GNW,4.0675001144,1.0128022337,0.73
1781,CHNGU,76.7500000000,1.0149777665,0.73
1782,JRS,10.6300001144,1.0151134056,0.73
1783,SIGI,77.9199981689,1.0136407941,0.73
1784,THRY,26.3250007629,1.0134850123,0.73
1785,CHSCL,27.4300003052,1.0149522184,0.73
1786,SHV,110.2649993896,1.0130368190,0.73
1787,AIN,85.9899978638,1.0139496210,0.73
1788,NDSN,218.0200042725,1.0134578579,0.73
1789,GDNR,9.9099998474,1.0131418956,0.73
1790,VYMI,66.0749969482,1.0136169684,0.73
1791,LHX,238.5399932861,1.0140003698,0.73
1792,NEP,71.1800003052,1.0131001287,0.73
1793,NSTC,9.7700004578,1.0138852095,0.73
1794,TMHC,28.6849994659,1.0143458402,0.73
1795,CIZN,18.0998992920,1.0131972602,0.73
1796,HYZD,21.3600006104,1.0145866409,0.73
1797,FEXD,9.9879999161,1.0138561574,0.73
1798,BME,44.0099983215,1.0150193756,0.73
1799,FEX,84.9800033569,1.0149246934,0.73
1800,BCPC,127.4049987793,1.0145466989,0.73
1801,PB,71.9899978638,1.0133545520,0.73
1802,EXPD,110.2900009155,1.0148777583,0.73
1803,CLH,93.0599975586,1.0139216090,0.73
1804,EWZS,15.7160997391,1.0148083857,0.73
1805,CMA,82.3150024414,1.0127939222,0.73
1806,LPX,70.0199966431,1.0131761775,0.73
1807,CMLS,11.4200000763,1.0151920928,0.73
1808,XOMAO,25.3799991608,1.0147001516,0.73
1809,HTBK,11.3400001526,1.0133490817,0.73
1810,EDBL,1.8700000048,1.0144334513,0.73
1811,PLD,127.0100021362,1.0136492113,0.73
1812,DXJS,42.5499992371,1.0129045258,0.73
1813,YLDE,40.8100013733,1.0147024087,0.73
1814,PLMR,63.3800010681,1.0143597995,0.73
1815,DXC,34.8400001526,1.0152203499,0.73
1816,USM,30.8899993896,1.0134298672,0.73
1817,USLB,39.2500000000,1.0133513389,0.73
1818,LARK,25.5000000000,1.0141365295,0.73
1819,CAPR,3.6300001144,1.0122695180,0.72
1820,CARE,14.9499998093,1.0116555907,0.72
1821,SPXX,16.5200004578,1.0113019199,0.72
1822,TATT,6.0999999046,1.0110000686,0.72
1823,CBNK,22.7502002716,1.0125370316,0.72
1824,CCRN,17.2450008392,1.0124342224,0.72
1825,TDIV,56.1733016968,1.0118480234,0.72
1826,CFA,70.2750015259,1.0114416324,0.72
1827,SLM,19.4599990845,1.0121556442,0.72
1828,TLGY,9.9600000381,1.0119429382,0.72
1829,CL,78.5199966431,1.0125041837,0.72
1830,TNET,78.5849990845,1.0124167231,0.72
1831,TPVG,14.6099996567,1.0107621949,0.72
1832,CMSC,25.4650001526,1.0106738349,0.72
1833,ROP,441.0499877930,1.0107459574,0.72
1834,AWR,79.5800018311,1.0113231482,0.72
1835,TSPQ,9.7500000000,1.0122372461,0.72
1836,RM,47.0651016235,1.0114423324,0.72
1837,AVTR,33.0999984741,1.0112171632,0.72
1838,RFI,14.4899997711,1.0106714825,0.72
1839,IRDM,38.3899993896,1.0120214817,0.72
1840,ARW,120.3600006104,1.0114278101,0.72
1841,PFBC,68.5199966431,1.0113015076,0.72
1842,PSET,51.5999984741,1.0113419654,0.72
1843,PRU,105.1900024414,1.0115787596,0.72
1844,ARCB,75.4749984741,1.0114327545,0.72
1845,AAIC,3.5299999714,1.0121328531,0.72
1846,AQN,14.5150003433,1.0118598821,0.72
1847,USAK,16.1499996185,1.0110567210,0.72
1848,RAM,10.1000003815,1.0108837689,0.72
1849,UTAA,9.9300003052,1.0114411879,0.72
1850,PKI,153.2350006104,1.0108514545,0.72
1851,EJFA,9.9499998093,1.0106718064,0.72
1852,PDT,15.6000003815,1.0117809952,0.72
1853,EQR,78.0049972534,1.0111819153,0.72
1854,VERV,15.8000001907,1.0121148881,0.72
1855,F,13.4949998856,1.0122832060,0.72
1856,FBK,42.2799987793,1.0125222357,0.72
1857,FCFS,72.5999984741,1.0109277086,0.72
1858,ALOR,9.9399995804,1.0111175496,0.72
1859,FLEX,17.0499992371,1.0119849994,0.72
1860,VRIG,24.7649993896,1.0106361314,0.72
1861,OHI,29.7600002289,1.0106710916,0.72
1862,OCCIO,24.3999996185,1.0121014993,0.72
1863,FTCS,74.1399993896,1.0118424151,0.72
1864,FTSM,59.5649986267,1.0124009280,0.72
1865,GFS,59.6100006104,1.0108300648,0.72
1866,GGAA,9.9899997711,1.0115500025,0.72
1867,GIB,85.0199966431,1.0119807508,0.72
1868,MUFG,5.8649997711,1.0116496345,0.72
1869,MTVC,9.8699998856,1.0114602142,0.72
1870,AHG,1.1299999952,1.0113881633,0.72
1871,AGZD,46.0150985718,1.0124971541,0.72
1872,MS,85.4199981689,1.0122029199,0.72
1873,GSBD,18.2889995575,1.0113934070,0.72
1874,KKR,55.4850006104,1.0124789443,0.72
1875,HIBB,52.1899986267,1.0125343488,0.72
1876,MEI,45.3600006104,1.0111679810,0.72
1877,HPI,18.7099990845,1.0106366760,0.72
1878,MAAQ,9.9399995804,1.0117211840,0.72
1879,JAZZ,150.3699951172,1.0113459116,0.72
1880,JCE,14.6700000763,1.0125179978,0.72
1881,JEF,32.4599990845,1.0115972351,0.72
1882,KEYS,143.5899963379,1.0121216441,0.72
1883,BON,3.9000999928,1.0112420052,0.72
1884,BSCM,21.2521991730,1.0126016027,0.72
1885,BSJM,22.6700000763,1.0109987143,0.72
1886,STEW,13.4650001526,1.0117587092,0.72
1887,SRCE,45.9700012207,1.0114069186,0.72
1888,MCHP,72.3199996948,1.0097564932,0.71
1889,BATRA,25.9099998474,1.0105733554,0.71
1890,BATRK,25.0000000000,1.0087576137,0.71
1891,PHK,5.7849998474,1.0090288611,0.71
1892,SLMBP,57.4599990845,1.0095040907,0.71
1893,PFX,39.0000000000,1.0092996095,0.71
1894,ENO,25.0657005310,1.0084993546,0.71
1895,VALN,24.7099990845,1.0102865476,0.71
1896,EPAC,20.4300003052,1.0086824098,0.71
1897,SMBC,46.0400009155,1.0088779663,0.71
1898,PCTY,176.8600006104,1.0102369692,0.71
1899,EVE,9.9149999619,1.0096309463,0.71
1900,SBFG,18.2600002289,1.0093086309,0.71
1901,SNCRL,21.6000003815,1.0086280484,0.71
1902,CLAR,22.0499992371,1.0083913250,0.71
1903,BNS,66.7300033569,1.0103508378,0.71
1904,KRYS,60.4449996948,1.0097905801,0.71
1905,ALTY,12.3099002838,1.0082556418,0.71
1906,OXLCZ,23.8199996948,1.0088157992,0.71
1907,SBSI,39.8499984741,1.0088298676,0.71
1908,XIN,0.9700000286,1.0105479079,0.71
1909,FHN,23.0000000000,1.0098108053,0.71
1910,LTRX,5.6343002319,1.0083006088,0.71
1911,BSCN,21.0750007629,1.0086369859,0.71
1912,SNDX,16.1949996948,1.0093408416,0.71
1913,FRBK,4.0349998474,1.0089139714,0.71
1914,INDY,43.0539016724,1.0098373326,0.71
1915,WTRG,46.2000007629,1.0105411858,0.71
1916,SCPL,13.7200002670,1.0104416363,0.71
1917,NOTV,16.5200004578,1.0089891024,0.71
1918,GDL,8.3500003815,1.0086243664,0.71
1919,AIRR,40.3830986023,1.0098823217,0.71
1920,BELFB,16.2800006866,1.0083462762,0.71
1921,GFI,12.1499996185,1.0098364259,0.71
1922,LSBK,14.0000000000,1.0092856461,0.71
1923,YUM,118.9800033569,1.0088516244,0.71
1924,NBHC,40.8800010681,1.0105875301,0.71
1925,GJH,10.0099000931,1.0105226934,0.71
1926,BFAC,9.9200000763,1.0086152093,0.71
1927,KE,18.6599998474,1.0088878369,0.71
1928,DMA,8.0499000549,1.0104050105,0.71
1929,MTD,1311.3000488281,1.0086657902,0.71
1930,BRKH,9.8999996185,1.0101066820,0.71
1931,BRD,9.8900003433,1.0105177844,0.71
1932,MPB,27.5100002289,1.0084195192,0.71
1933,HBNC,17.8700008392,1.0105883820,0.71
1934,TUGN,25.7500000000,1.0101763522,0.71
1935,AVNT,49.4000015259,1.0082905449,0.71
1936,TTGT,71.3379974365,1.0104029660,0.71
1937,CSAN,18.2000007629,1.0085957397,0.71
1938,CRUS,81.0999984741,1.0093106986,0.71
1939,RA,19.7966995239,1.0086259498,0.71
1940,R,79.3600006104,1.0103419999,0.71
1941,DAL,42.0200004578,1.0087467596,0.71
1942,PTMN,22.1569995880,1.0085250039,0.71
1943,PSO,9.4849996567,1.0086058764,0.71
1944,TSLX,20.9699993134,1.0085975673,0.71
1945,ARGD,24.3500003815,1.0089066376,0.71
1946,SUSL,72.0950012207,1.0083225660,0.71
1947,IGR,8.0100002289,1.0105599358,0.71
1948,ZIONL,26.2999992371,1.0091820692,0.71
1949,ACABU,9.9899997711,1.0082810724,0.71
1950,PORT,9.9099998474,1.0102973520,0.71
1951,ABT,116.2500000000,1.0099172471,0.71
1952,DVOL,26.3866996765,1.0104811013,0.71
1953,RTLPP,24.3099994659,1.0093588417,0.71
1954,PLYM,20.2299995422,1.0099181348,0.71
1955,RWOD,9.8000001907,1.0083720583,0.71
1956,CNGL,10.0100002289,1.0099271349,0.71
1957,ISPC,3.0999999046,1.0064589706,0.70
1958,MVBF,37.9900016785,1.0078995434,0.70
1959,CFO,69.5599975586,1.0065664829,0.70
1960,DEA,19.9500007629,1.0067213623,0.70
1961,CFR,124.3750000000,1.0079907722,0.70
1962,BLKB,63.5099983215,1.0074228968,0.70
1963,IHIT,8.7720003128,1.0074523704,0.70
1964,WLY,53.2400016785,1.0071828728,0.70
1965,SPFI,24.6599998474,1.0080485328,0.70
1966,ENSG,81.7799987793,1.0064569142,0.70
1967,IR,47.8400001526,1.0066748097,0.70
1968,CMPX,3.0850000381,1.0081437971,0.70
1969,BLD,197.3000030518,1.0075803306,0.70
1970,UDR,48.5999984741,1.0073214309,0.70
1971,SNA,221.4700012207,1.0061497561,0.70
1972,STVN,16.2999992371,1.0067666380,0.70
1973,LFLY,9.6999998093,1.0079895220,0.70
1974,MTBCO,25.1725006104,1.0073780434,0.70
1975,EWCZ,26.0200004578,1.0082518126,0.70
1976,PTC,118.6399993896,1.0063893949,0.70
1977,TOI,8.7200002670,1.0081082906,0.70
1978,GRNR,24.0799999237,1.0069571642,0.70
1979,WHF,14.1199998856,1.0076310200,0.70
1980,KYCHU,9.8900995255,1.0064517460,0.70
1981,VIRC,3.0999999046,1.0063798648,0.70
1982,HEES,36.1699981689,1.0066769291,0.70
1983,HQY,62.6250000000,1.0074990152,0.70
1984,RPT,12.2500000000,1.0074803493,0.70
1985,METCL,26.5300006866,1.0080807964,0.70
1986,PABU,44.3800010681,1.0065846733,0.70
1987,JRI,14.5000000000,1.0075944740,0.70
1988,ALSA,9.8999996185,1.0082170218,0.70
1989,BCSF,14.7150001526,1.0078539281,0.70
1990,AVB,210.6300048828,1.0061712838,0.70
1991,AES,22.3950004578,1.0067028720,0.70
1992,BSJP,23.3209991455,1.0064509608,0.70
1993,LBTYK,25.9249992371,1.0072677747,0.70
1994,FID,17.4449996948,1.0078383307,0.70
1995,WRK,48.4900016785,1.0077931429,0.70
1996,FLT,245.3399963379,1.0070365332,0.70
1997,KRNY,12.3400001526,1.0073729261,0.70
1998,CSV,40.3600006104,1.0069736964,0.70
1999,FN,87.2799987793,1.0082273460,0.70
2000,CBFV,22.5000000000,1.0075783089,0.70
2001,FNX,94.8200988770,1.0066230988,0.70
2002,ODDS,18.4599990845,1.0073431087,0.70
2003,PSCC,102.0299987793,1.0071449738,0.70
2004,OC,96.5100021362,1.0076615737,0.70
2005,NYMTN,22.4500007629,1.0065915067,0.70
2006,UGP,3.0350000858,1.0079914295,0.70
2007,CATY,41.3300018311,1.0066396120,0.70
2008,FTQI,20.9500007629,1.0066176314,0.70
2009,CTSH,74.6100006104,1.0079948979,0.70
2010,AROW,33.1699981689,1.0070038837,0.70
2011,CNHI,14.8599996567,1.0077122600,0.70
2012,RVSB,6.9349999428,1.0067204500,0.70
2013,NHTC,6.8000001907,1.0061577768,0.70
2014,CFRX,3.4802999496,1.0067324186,0.70
2015,CINC,16.7099990845,1.0067864652,0.70
2016,CVV,4.1199998856,1.0064630123,0.70
2017,SEED,7.5100002289,1.0076711599,0.70
2018,PRDO,10.9849996567,1.0072603381,0.70
2019,SEVN,10.8299999237,1.0069554876,0.70
2020,UAL,48.3450012207,1.0066641377,0.70
2021,NBTB,37.2500000000,1.0081008532,0.70
2022,DAOO,9.8999996185,1.0076072095,0.70
2023,HCXY,25.2199993134,1.0067670473,0.70
2024,AINV,12.5000000000,1.0063070724,0.70
2025,CR,95.5299987793,1.0064660424,0.70
